ts,close
2020-01-01 00:00:00+00:00,99.895941957558
2020-01-01 00:01:00+00:00,99.99098797142042
2020-01-01 00:02:00+00:00,99.85501472550118
2020-01-01 00:03:00+00:00,99.82211200395777
2020-01-01 00:04:00+00:00,99.73384571974513
2020-01-01 00:05:00+00:00,99.8152709028264
2020-01-01 00:06:00+00:00,99.93292715075329
2020-01-01 00:07:00+00:00,99.84289104871485
2020-01-01 00:08:00+00:00,99.74233540576891
2020-01-01 00:09:00+00:00,99.73704251918458
2020-01-01 00:10:00+00:00,99.66501303517296
2020-01-01 00:11:00+00:00,99.64838385267741
2020-01-01 00:12:00+00:00,99.6104034200502
2020-01-01 00:13:00+00:00,99.64999531933951
2020-01-01 00:14:00+00:00,99.69679255918068
2020-01-01 00:15:00+00:00,99.65114992411465
2020-01-01 00:16:00+00:00,99.55949932470318
2020-01-01 00:17:00+00:00,99.6873483979239
2020-01-01 00:18:00+00:00,99.59253237458493
2020-01-01 00:19:00+00:00,99.6666062797202
2020-01-01 00:20:00+00:00,99.72894688296475
2020-01-01 00:21:00+00:00,99.75576255883915
2020-01-01 00:22:00+00:00,99.78093600487263
2020-01-01 00:23:00+00:00,99.80692390463253
2020-01-01 00:24:00+00:00,99.8148265231471
2020-01-01 00:25:00+00:00,99.88861999642381
2020-01-01 00:26:00+00:00,99.85052954386423
2020-01-01 00:27:00+00:00,99.77428965943874
2020-01-01 00:28:00+00:00,99.95256129513777
2020-01-01 00:29:00+00:00,100.06920365761913
2020-01-01 00:30:00+00:00,100.02795532828898
2020-01-01 00:31:00+00:00,100.09993443487777
2020-01-01 00:32:00+00:00,100.19798056473115
2020-01-01 00:33:00+00:00,100.14084589757597
2020-01-01 00:34:00+00:00,100.1170270454114
2020-01-01 00:35:00+00:00,99.97399190453082
2020-01-01 00:36:00+00:00,100.03725049954804
2020-01-01 00:37:00+00:00,100.12483705537778
2020-01-01 00:38:00+00:00,100.14497211243412
2020-01-01 00:39:00+00:00,100.10553832287685
2020-01-01 00:40:00+00:00,100.02111885510361
2020-01-01 00:41:00+00:00,99.97248434410774
2020-01-01 00:42:00+00:00,100.03531821176617
2020-01-01 00:43:00+00:00,100.03693269929687
2020-01-01 00:44:00+00:00,100.09472635438695
2020-01-01 00:45:00+00:00,100.0819237381597
2020-01-01 00:46:00+00:00,100.07155815923647
2020-01-01 00:47:00+00:00,99.87985744275255
2020-01-01 00:48:00+00:00,99.74615397838598
2020-01-01 00:49:00+00:00,99.62494850862052
2020-01-01 00:50:00+00:00,99.7987942686196
2020-01-01 00:51:00+00:00,99.89751857079419
2020-01-01 00:52:00+00:00,99.86979813350317
2020-01-01 00:53:00+00:00,99.82371292216628
2020-01-01 00:54:00+00:00,99.58783673385429
2020-01-01 00:55:00+00:00,99.62026770478359
2020-01-01 00:56:00+00:00,99.42270699458685
2020-01-01 00:57:00+00:00,99.3508488683321
2020-01-01 00:58:00+00:00,99.3538047356795
2020-01-01 00:59:00+00:00,99.32087590326918
2020-01-01 01:00:00+00:00,99.34574530571277
2020-01-01 01:01:00+00:00,99.53387903904638
2020-01-01 01:02:00+00:00,99.58361142258914
2020-01-01 01:03:00+00:00,99.41565028967308
2020-01-01 01:04:00+00:00,99.2845995201459
2020-01-01 01:05:00+00:00,99.09040253927088
2020-01-01 01:06:00+00:00,99.0590145314394
2020-01-01 01:07:00+00:00,98.91366966897137
2020-01-01 01:08:00+00:00,99.03333838335213
2020-01-01 01:09:00+00:00,99.45935219870138
2020-01-01 01:10:00+00:00,99.31461602345108
2020-01-01 01:11:00+00:00,99.35462814108695
2020-01-01 01:12:00+00:00,99.29229957361862
2020-01-01 01:13:00+00:00,99.2711515265191
2020-01-01 01:14:00+00:00,99.29491641121022
2020-01-01 01:15:00+00:00,99.13902999152819
2020-01-01 01:16:00+00:00,99.06479186463078
2020-01-01 01:17:00+00:00,99.33330649734002
2020-01-01 01:18:00+00:00,99.48212706869745
2020-01-01 01:19:00+00:00,99.30274259680994
2020-01-01 01:20:00+00:00,99.19246022414629
2020-01-01 01:21:00+00:00,99.06507893998214
2020-01-01 01:22:00+00:00,98.92469389553452
2020-01-01 01:23:00+00:00,98.98482285145292
2020-01-01 01:24:00+00:00,98.97848492928291
2020-01-01 01:25:00+00:00,99.0479696010638
2020-01-01 01:26:00+00:00,98.85737178461432
2020-01-01 01:27:00+00:00,98.88444258360957
2020-01-01 01:28:00+00:00,98.90987209378393
2020-01-01 01:29:00+00:00,98.95507233505363
2020-01-01 01:30:00+00:00,98.99010795358984
2020-01-01 01:31:00+00:00,99.16665246839199
2020-01-01 01:32:00+00:00,99.41186806831456
2020-01-01 01:33:00+00:00,99.21720806547836
2020-01-01 01:34:00+00:00,99.48244025521024
2020-01-01 01:35:00+00:00,99.45314897700081
2020-01-01 01:36:00+00:00,99.69131174726417
2020-01-01 01:37:00+00:00,99.54447622604515
2020-01-01 01:38:00+00:00,99.47973084146258
2020-01-01 01:39:00+00:00,99.45311112787476
2020-01-01 01:40:00+00:00,99.68193077886006
2020-01-01 01:41:00+00:00,99.78618231866679
2020-01-01 01:42:00+00:00,99.77814644517194
2020-01-01 01:43:00+00:00,99.57667200766865
2020-01-01 01:44:00+00:00,99.52131239378352
2020-01-01 01:45:00+00:00,99.30097187301232
2020-01-01 01:46:00+00:00,99.22119631658022
2020-01-01 01:47:00+00:00,99.38598682712893
2020-01-01 01:48:00+00:00,99.6060924356201
2020-01-01 01:49:00+00:00,99.49208034459515
2020-01-01 01:50:00+00:00,99.53162385706493
2020-01-01 01:51:00+00:00,99.35576290309976
2020-01-01 01:52:00+00:00,99.39253459913645
2020-01-01 01:53:00+00:00,99.70276783031208
2020-01-01 01:54:00+00:00,99.65504568132137
2020-01-01 01:55:00+00:00,99.5559904971856
2020-01-01 01:56:00+00:00,99.75763947117379
2020-01-01 01:57:00+00:00,99.64801652467749
2020-01-01 01:58:00+00:00,99.62027082550817
2020-01-01 01:59:00+00:00,99.5295375198471
2020-01-01 02:00:00+00:00,99.51334186813007
2020-01-01 02:01:00+00:00,99.25828868308389
2020-01-01 02:02:00+00:00,99.03116575032044
2020-01-01 02:03:00+00:00,99.35705510638721
2020-01-01 02:04:00+00:00,99.14383006155721
2020-01-01 02:05:00+00:00,99.20574347507369
2020-01-01 02:06:00+00:00,99.02488121704027
2020-01-01 02:07:00+00:00,99.1666552353692
2020-01-01 02:08:00+00:00,99.09820057238726
2020-01-01 02:09:00+00:00,98.84984395658638
2020-01-01 02:10:00+00:00,98.80202001960052
2020-01-01 02:11:00+00:00,98.70286491889011
2020-01-01 02:12:00+00:00,98.88339721122672
2020-01-01 02:13:00+00:00,98.94583466519983
2020-01-01 02:14:00+00:00,98.94584955065129
2020-01-01 02:15:00+00:00,99.00173959636666
2020-01-01 02:16:00+00:00,99.36990352534292
2020-01-01 02:17:00+00:00,99.43863751859145
2020-01-01 02:18:00+00:00,99.24034513830573
2020-01-01 02:19:00+00:00,99.2874294837612
2020-01-01 02:20:00+00:00,98.97581522343364
2020-01-01 02:21:00+00:00,99.05713745105716
2020-01-01 02:22:00+00:00,98.97232922913265
2020-01-01 02:23:00+00:00,98.98172131283246
2020-01-01 02:24:00+00:00,98.96327090376184
2020-01-01 02:25:00+00:00,98.99035129240467
2020-01-01 02:26:00+00:00,98.531573168365
2020-01-01 02:27:00+00:00,98.56291026130678
2020-01-01 02:28:00+00:00,98.49715402852082
2020-01-01 02:29:00+00:00,98.55586018953858
2020-01-01 02:30:00+00:00,98.27839985408109
2020-01-01 02:31:00+00:00,98.21894880442775
2020-01-01 02:32:00+00:00,98.0299133460948
2020-01-01 02:33:00+00:00,98.26252962514705
2020-01-01 02:34:00+00:00,98.57307979761123
2020-01-01 02:35:00+00:00,98.65239791801118
2020-01-01 02:36:00+00:00,98.73269742841057
2020-01-01 02:37:00+00:00,98.678353718177
2020-01-01 02:38:00+00:00,98.55151633597214
2020-01-01 02:39:00+00:00,98.3368580239308
2020-01-01 02:40:00+00:00,98.30212986746794
2020-01-01 02:41:00+00:00,98.43970747617934
2020-01-01 02:42:00+00:00,98.5754296826699
2020-01-01 02:43:00+00:00,98.56287104762951
2020-01-01 02:44:00+00:00,98.46522940014248
2020-01-01 02:45:00+00:00,98.58636363791399
2020-01-01 02:46:00+00:00,98.39385323349582
2020-01-01 02:47:00+00:00,98.164945353034
2020-01-01 02:48:00+00:00,98.22358006432898
2020-01-01 02:49:00+00:00,98.33861992743705
2020-01-01 02:50:00+00:00,98.39713404034684
2020-01-01 02:51:00+00:00,98.47622571959548
2020-01-01 02:52:00+00:00,98.07896043857181
2020-01-01 02:53:00+00:00,98.19241146401959
2020-01-01 02:54:00+00:00,98.47884056021098
2020-01-01 02:55:00+00:00,98.64289395997555
2020-01-01 02:56:00+00:00,98.80058426405931
2020-01-01 02:57:00+00:00,98.8459126680383
2020-01-01 02:58:00+00:00,98.89829196726511
2020-01-01 02:59:00+00:00,98.86966572783949
2020-01-01 03:00:00+00:00,98.94363711360161
2020-01-01 03:01:00+00:00,98.73896555998887
2020-01-01 03:02:00+00:00,99.02375911705381
2020-01-01 03:03:00+00:00,98.86555431287738
2020-01-01 03:04:00+00:00,99.02715194127663
2020-01-01 03:05:00+00:00,99.28016021128234
2020-01-01 03:06:00+00:00,99.44100642987391
2020-01-01 03:07:00+00:00,99.88637606170262
2020-01-01 03:08:00+00:00,99.50491848238417
2020-01-01 03:09:00+00:00,99.41716160904957
2020-01-01 03:10:00+00:00,99.66687237983889
2020-01-01 03:11:00+00:00,99.42596341510567
2020-01-01 03:12:00+00:00,99.27202057217082
2020-01-01 03:13:00+00:00,99.3733093903834
2020-01-01 03:14:00+00:00,99.10180657941147
2020-01-01 03:15:00+00:00,99.11240992761276
2020-01-01 03:16:00+00:00,99.20183348304553
2020-01-01 03:17:00+00:00,99.22875108079256
2020-01-01 03:18:00+00:00,99.2734110664796
2020-01-01 03:19:00+00:00,99.13645674792606
2020-01-01 03:20:00+00:00,99.17446681500398
2020-01-01 03:21:00+00:00,99.09834947294894
2020-01-01 03:22:00+00:00,99.04709837752269
2020-01-01 03:23:00+00:00,99.20611274731351
2020-01-01 03:24:00+00:00,98.95442365255275
2020-01-01 03:25:00+00:00,98.49953841755637
2020-01-01 03:26:00+00:00,98.64530791370314
2020-01-01 03:27:00+00:00,98.68363892228817
2020-01-01 03:28:00+00:00,98.9422638232349
2020-01-01 03:29:00+00:00,99.20484151470093
2020-01-01 03:30:00+00:00,99.04337172536218
2020-01-01 03:31:00+00:00,98.75890779347746
2020-01-01 03:32:00+00:00,98.69012490666694
2020-01-01 03:33:00+00:00,99.02143602900335
2020-01-01 03:34:00+00:00,99.09773805605442
2020-01-01 03:35:00+00:00,99.19031278720728
2020-01-01 03:36:00+00:00,98.83590824293137
2020-01-01 03:37:00+00:00,98.71883824245661
2020-01-01 03:38:00+00:00,98.512588487929
2020-01-01 03:39:00+00:00,98.59497279118365
2020-01-01 03:40:00+00:00,98.65795021944443
2020-01-01 03:41:00+00:00,98.91047886166011
2020-01-01 03:42:00+00:00,98.62921863570399
2020-01-01 03:43:00+00:00,98.56596758334682
2020-01-01 03:44:00+00:00,98.63942344661235
2020-01-01 03:45:00+00:00,98.70589065718002
2020-01-01 03:46:00+00:00,99.10772086771999
2020-01-01 03:47:00+00:00,99.13857135530655
2020-01-01 03:48:00+00:00,98.97522324121556
2020-01-01 03:49:00+00:00,98.97025187416027
2020-01-01 03:50:00+00:00,98.81086554524448
2020-01-01 03:51:00+00:00,98.4119484063855
2020-01-01 03:52:00+00:00,98.32354722251432
2020-01-01 03:53:00+00:00,98.69578514196358
2020-01-01 03:54:00+00:00,98.51002239697999
2020-01-01 03:55:00+00:00,98.43183374339377
2020-01-01 03:56:00+00:00,98.46726113994197
2020-01-01 03:57:00+00:00,98.40248508087922
2020-01-01 03:58:00+00:00,98.1839915388475
2020-01-01 03:59:00+00:00,98.6780487437031
2020-01-01 04:00:00+00:00,98.95029988830495
2020-01-01 04:01:00+00:00,99.06012410693
2020-01-01 04:02:00+00:00,99.02810639075845
2020-01-01 04:03:00+00:00,99.1090442955178
2020-01-01 04:04:00+00:00,99.23456951550372
2020-01-01 04:05:00+00:00,99.30404277840036
2020-01-01 04:06:00+00:00,99.38977836095387
2020-01-01 04:07:00+00:00,99.56596861175922
2020-01-01 04:08:00+00:00,99.50197034246219
2020-01-01 04:09:00+00:00,99.21356496811828
2020-01-01 04:10:00+00:00,99.38729477944545
2020-01-01 04:11:00+00:00,99.0958977165827
2020-01-01 04:12:00+00:00,98.98829471630044
2020-01-01 04:13:00+00:00,99.07582504065869
2020-01-01 04:14:00+00:00,99.16932803035104
2020-01-01 04:15:00+00:00,99.10907227652922
2020-01-01 04:16:00+00:00,99.09174467210256
2020-01-01 04:17:00+00:00,99.16113951043125
2020-01-01 04:18:00+00:00,99.02271573176745
2020-01-01 04:19:00+00:00,99.35102016509289
2020-01-01 04:20:00+00:00,99.17161516714305
2020-01-01 04:21:00+00:00,99.13277125249788
2020-01-01 04:22:00+00:00,99.04243991034957
2020-01-01 04:23:00+00:00,99.06944634356036
2020-01-01 04:24:00+00:00,99.3897523452473
2020-01-01 04:25:00+00:00,99.19775944475282
2020-01-01 04:26:00+00:00,99.28969589195738
2020-01-01 04:27:00+00:00,99.42040952728932
2020-01-01 04:28:00+00:00,99.6556467211261
2020-01-01 04:29:00+00:00,99.49185753623195
2020-01-01 04:30:00+00:00,99.31863687776126
2020-01-01 04:31:00+00:00,99.28129965721942
2020-01-01 04:32:00+00:00,99.24832177860206
2020-01-01 04:33:00+00:00,99.04081951506181
2020-01-01 04:34:00+00:00,99.17700530875567
2020-01-01 04:35:00+00:00,99.29108024456227
2020-01-01 04:36:00+00:00,99.70736202064117
2020-01-01 04:37:00+00:00,99.6448581563583
2020-01-01 04:38:00+00:00,99.43507389586162
2020-01-01 04:39:00+00:00,99.25396398612203
2020-01-01 04:40:00+00:00,99.32157636261185
2020-01-01 04:41:00+00:00,99.16790132795433
2020-01-01 04:42:00+00:00,99.31653244915319
2020-01-01 04:43:00+00:00,99.1860578276268
2020-01-01 04:44:00+00:00,99.22352600340929
2020-01-01 04:45:00+00:00,99.20988053801743
2020-01-01 04:46:00+00:00,99.03035438047971
2020-01-01 04:47:00+00:00,98.7423727054001
2020-01-01 04:48:00+00:00,98.99079893698348
2020-01-01 04:49:00+00:00,99.06290522513102
2020-01-01 04:50:00+00:00,98.82988750267977
2020-01-01 04:51:00+00:00,98.61533311985167
2020-01-01 04:52:00+00:00,99.01521124281741
2020-01-01 04:53:00+00:00,98.84666122492219
2020-01-01 04:54:00+00:00,99.16947477449051
2020-01-01 04:55:00+00:00,99.21969480862623
2020-01-01 04:56:00+00:00,98.88363362461928
2020-01-01 04:57:00+00:00,98.7972097385459
2020-01-01 04:58:00+00:00,98.96264205531222
2020-01-01 04:59:00+00:00,98.60352893283593
2020-01-01 05:00:00+00:00,98.48725582939247
2020-01-01 05:01:00+00:00,98.36044115755594
2020-01-01 05:02:00+00:00,98.46962715196712
2020-01-01 05:03:00+00:00,98.56012267465684
2020-01-01 05:04:00+00:00,98.6698576796608
2020-01-01 05:05:00+00:00,98.71799811593326
2020-01-01 05:06:00+00:00,98.80994772432204
2020-01-01 05:07:00+00:00,98.54590003327817
2020-01-01 05:08:00+00:00,98.59555404293839
2020-01-01 05:09:00+00:00,98.8937624830566
2020-01-01 05:10:00+00:00,98.90034838309687
2020-01-01 05:11:00+00:00,98.77395467297137
2020-01-01 05:12:00+00:00,98.66560248203979
2020-01-01 05:13:00+00:00,98.94162207065882
2020-01-01 05:14:00+00:00,98.45214858404562
2020-01-01 05:15:00+00:00,98.97360026476025
2020-01-01 05:16:00+00:00,98.57863299156172
2020-01-01 05:17:00+00:00,98.52066522622749
2020-01-01 05:18:00+00:00,98.29678471094032
2020-01-01 05:19:00+00:00,98.40199111853933
2020-01-01 05:20:00+00:00,98.54341068143962
2020-01-01 05:21:00+00:00,98.57865501680257
2020-01-01 05:22:00+00:00,98.54967629770107
2020-01-01 05:23:00+00:00,98.19775816682503
2020-01-01 05:24:00+00:00,98.11900877424603
2020-01-01 05:25:00+00:00,98.08353595328563
2020-01-01 05:26:00+00:00,97.85714032384577
2020-01-01 05:27:00+00:00,97.92246976947199
2020-01-01 05:28:00+00:00,97.95879865450222
2020-01-01 05:29:00+00:00,97.89223524131081
2020-01-01 05:30:00+00:00,97.8885953790078
2020-01-01 05:31:00+00:00,97.8176100402507
2020-01-01 05:32:00+00:00,97.46712498997981
2020-01-01 05:33:00+00:00,97.56681990533347
2020-01-01 05:34:00+00:00,97.03901339944956
2020-01-01 05:35:00+00:00,97.09491743725049
2020-01-01 05:36:00+00:00,96.82517368933952
2020-01-01 05:37:00+00:00,96.89668263679798
2020-01-01 05:38:00+00:00,96.98404591290428
2020-01-01 05:39:00+00:00,96.9494704533168
2020-01-01 05:40:00+00:00,97.07900499231594
2020-01-01 05:41:00+00:00,96.97052233229297
2020-01-01 05:42:00+00:00,96.87129130621716
2020-01-01 05:43:00+00:00,97.18188969687338
2020-01-01 05:44:00+00:00,97.0940336796389
2020-01-01 05:45:00+00:00,97.04347781884447
2020-01-01 05:46:00+00:00,96.58086657188298
2020-01-01 05:47:00+00:00,96.42061799117737
2020-01-01 05:48:00+00:00,96.22081953161671
2020-01-01 05:49:00+00:00,96.17914084718234
2020-01-01 05:50:00+00:00,96.1282420927711
2020-01-01 05:51:00+00:00,96.11639458995188
2020-01-01 05:52:00+00:00,95.91319897090554
2020-01-01 05:53:00+00:00,96.02951871763588
2020-01-01 05:54:00+00:00,96.16377228138653
2020-01-01 05:55:00+00:00,96.30836980676096
2020-01-01 05:56:00+00:00,96.30587259531272
2020-01-01 05:57:00+00:00,96.05637755539787
2020-01-01 05:58:00+00:00,96.19799566194473
2020-01-01 05:59:00+00:00,95.98788349040669
2020-01-01 06:00:00+00:00,96.21818461320267
2020-01-01 06:01:00+00:00,95.90852812585892
2020-01-01 06:02:00+00:00,96.21110625427411
2020-01-01 06:03:00+00:00,96.3695764994841
2020-01-01 06:04:00+00:00,96.13776757006711
2020-01-01 06:05:00+00:00,96.1497776381907
2020-01-01 06:06:00+00:00,96.11120339336406
2020-01-01 06:07:00+00:00,96.1435379905906
2020-01-01 06:08:00+00:00,96.30868104379293
2020-01-01 06:09:00+00:00,95.84603744371904
2020-01-01 06:10:00+00:00,96.09068770642921
2020-01-01 06:11:00+00:00,95.70716783171365
2020-01-01 06:12:00+00:00,95.8976295197531
2020-01-01 06:13:00+00:00,96.00440534369076
2020-01-01 06:14:00+00:00,95.82055185957401
2020-01-01 06:15:00+00:00,95.75949136485117
2020-01-01 06:16:00+00:00,96.17907768766851
2020-01-01 06:17:00+00:00,96.41465381574939
2020-01-01 06:18:00+00:00,96.59249044550481
2020-01-01 06:19:00+00:00,96.6845040102329
2020-01-01 06:20:00+00:00,96.8172844438424
2020-01-01 06:21:00+00:00,96.95045758328142
2020-01-01 06:22:00+00:00,96.57965888621366
2020-01-01 06:23:00+00:00,96.46511598154748
2020-01-01 06:24:00+00:00,96.81339567585937
2020-01-01 06:25:00+00:00,97.09818452910811
2020-01-01 06:26:00+00:00,97.38048890424818
2020-01-01 06:27:00+00:00,97.42262677753952
2020-01-01 06:28:00+00:00,97.50538202610021
2020-01-01 06:29:00+00:00,97.23602185748584
2020-01-01 06:30:00+00:00,97.21967761618214
2020-01-01 06:31:00+00:00,97.40487568537407
2020-01-01 06:32:00+00:00,97.4560748050383
2020-01-01 06:33:00+00:00,97.4146153565744
2020-01-01 06:34:00+00:00,97.38368030836638
2020-01-01 06:35:00+00:00,97.1281298567647
2020-01-01 06:36:00+00:00,97.2078075229504
2020-01-01 06:37:00+00:00,97.18258103358521
2020-01-01 06:38:00+00:00,97.40098294361307
2020-01-01 06:39:00+00:00,97.40903220791076
2020-01-01 06:40:00+00:00,97.18504572000114
2020-01-01 06:41:00+00:00,97.2630343854901
2020-01-01 06:42:00+00:00,97.4905987152375
2020-01-01 06:43:00+00:00,97.23488162149694
2020-01-01 06:44:00+00:00,97.27927441887324
2020-01-01 06:45:00+00:00,97.16189435621159
2020-01-01 06:46:00+00:00,97.06017760637809
2020-01-01 06:47:00+00:00,97.12292989983486
2020-01-01 06:48:00+00:00,97.17195809093823
2020-01-01 06:49:00+00:00,96.94444412700102
2020-01-01 06:50:00+00:00,97.23078699600364
2020-01-01 06:51:00+00:00,96.80795073220581
2020-01-01 06:52:00+00:00,96.81381443520857
2020-01-01 06:53:00+00:00,96.79029881191666
2020-01-01 06:54:00+00:00,96.25519793851312
2020-01-01 06:55:00+00:00,96.56625766034887
2020-01-01 06:56:00+00:00,96.49025004669166
2020-01-01 06:57:00+00:00,96.3115660665207
2020-01-01 06:58:00+00:00,96.59565656503113
2020-01-01 06:59:00+00:00,96.52803973231687
2020-01-01 07:00:00+00:00,96.53527465529775
2020-01-01 07:01:00+00:00,96.51613120391642
2020-01-01 07:02:00+00:00,96.59066129039341
2020-01-01 07:03:00+00:00,96.76839383552866
2020-01-01 07:04:00+00:00,96.97087033750634
2020-01-01 07:05:00+00:00,96.8689247400774
2020-01-01 07:06:00+00:00,96.87539738193117
2020-01-01 07:07:00+00:00,96.87829472732587
2020-01-01 07:08:00+00:00,96.96597927542379
2020-01-01 07:09:00+00:00,97.10512838062968
2020-01-01 07:10:00+00:00,96.80385836667081
2020-01-01 07:11:00+00:00,96.82124978699055
2020-01-01 07:12:00+00:00,96.99331150377505
2020-01-01 07:13:00+00:00,96.90860408784835
2020-01-01 07:14:00+00:00,96.8989329755495
2020-01-01 07:15:00+00:00,96.69099620544851
2020-01-01 07:16:00+00:00,96.703969898989
2020-01-01 07:17:00+00:00,96.29739875667899
2020-01-01 07:18:00+00:00,96.25198296359258
2020-01-01 07:19:00+00:00,96.24627166848192
2020-01-01 07:20:00+00:00,96.43880948038999
2020-01-01 07:21:00+00:00,96.20006005428266
2020-01-01 07:22:00+00:00,96.25902104432787
2020-01-01 07:23:00+00:00,96.17064770737093
2020-01-01 07:24:00+00:00,95.81681535531462
2020-01-01 07:25:00+00:00,95.7012849854566
2020-01-01 07:26:00+00:00,95.70924110502675
2020-01-01 07:27:00+00:00,95.92484956421107
2020-01-01 07:28:00+00:00,95.74787443569373
2020-01-01 07:29:00+00:00,95.43452184127987
2020-01-01 07:30:00+00:00,95.45533242415236
2020-01-01 07:31:00+00:00,95.77618795790637
2020-01-01 07:32:00+00:00,96.19327639365927
2020-01-01 07:33:00+00:00,95.93596160728933
2020-01-01 07:34:00+00:00,95.72113784024275
2020-01-01 07:35:00+00:00,95.80030134985404
2020-01-01 07:36:00+00:00,95.67655826261951
2020-01-01 07:37:00+00:00,95.9073444972155
2020-01-01 07:38:00+00:00,96.01374179079245
2020-01-01 07:39:00+00:00,95.63425108064536
2020-01-01 07:40:00+00:00,95.46062262084199
2020-01-01 07:41:00+00:00,95.34709492515107
2020-01-01 07:42:00+00:00,95.71927835510951
2020-01-01 07:43:00+00:00,95.80080896994015
2020-01-01 07:44:00+00:00,95.81565518311844
2020-01-01 07:45:00+00:00,95.9029519918656
2020-01-01 07:46:00+00:00,96.22568015162462
2020-01-01 07:47:00+00:00,96.34091481881248
2020-01-01 07:48:00+00:00,96.32366409287661
2020-01-01 07:49:00+00:00,96.49408015003263
2020-01-01 07:50:00+00:00,96.667870031949
2020-01-01 07:51:00+00:00,96.9030678048314
2020-01-01 07:52:00+00:00,96.83363556446687
2020-01-01 07:53:00+00:00,96.26585370214919
2020-01-01 07:54:00+00:00,95.56623281307432
2020-01-01 07:55:00+00:00,95.653429185851
2020-01-01 07:56:00+00:00,95.42985360814032
2020-01-01 07:57:00+00:00,95.69339507651699
2020-01-01 07:58:00+00:00,96.12508430682861
2020-01-01 07:59:00+00:00,96.20323714311488
2020-01-01 08:00:00+00:00,96.22856641934206
2020-01-01 08:01:00+00:00,96.20730188566739
2020-01-01 08:02:00+00:00,95.94510465019748
2020-01-01 08:03:00+00:00,95.80351566247163
2020-01-01 08:04:00+00:00,95.81012587116952
2020-01-01 08:05:00+00:00,95.78994295986276
2020-01-01 08:06:00+00:00,95.90663157337302
2020-01-01 08:07:00+00:00,95.70914303369764
2020-01-01 08:08:00+00:00,95.63078697544046
2020-01-01 08:09:00+00:00,95.71569936465143
2020-01-01 08:10:00+00:00,95.42399054580927
2020-01-01 08:11:00+00:00,95.56333207633813
2020-01-01 08:12:00+00:00,95.68276643774863
2020-01-01 08:13:00+00:00,95.74580952434908
2020-01-01 08:14:00+00:00,95.6542895715495
2020-01-01 08:15:00+00:00,95.93535411114347
2020-01-01 08:16:00+00:00,96.18852543025478
2020-01-01 08:17:00+00:00,96.25612036029376
2020-01-01 08:18:00+00:00,96.27935864157587
2020-01-01 08:19:00+00:00,96.43650092212526
2020-01-01 08:20:00+00:00,96.29832230344694
2020-01-01 08:21:00+00:00,96.41802913044755
2020-01-01 08:22:00+00:00,96.48185810918613
2020-01-01 08:23:00+00:00,96.41157203191428
2020-01-01 08:24:00+00:00,96.48263360903968
2020-01-01 08:25:00+00:00,96.75508427964682
2020-01-01 08:26:00+00:00,96.44322663739749
2020-01-01 08:27:00+00:00,96.25071151164049
2020-01-01 08:28:00+00:00,96.19949951081405
2020-01-01 08:29:00+00:00,96.31496771363426
2020-01-01 08:30:00+00:00,96.37367956494064
2020-01-01 08:31:00+00:00,96.48787935041783
2020-01-01 08:32:00+00:00,96.41933311935328
2020-01-01 08:33:00+00:00,96.42621456245806
2020-01-01 08:34:00+00:00,96.62446594691616
2020-01-01 08:35:00+00:00,96.66314137451263
2020-01-01 08:36:00+00:00,96.7555173832938
2020-01-01 08:37:00+00:00,96.7552526488095
2020-01-01 08:38:00+00:00,96.64900833076861
2020-01-01 08:39:00+00:00,96.77814781624376
2020-01-01 08:40:00+00:00,96.96452697208466
2020-01-01 08:41:00+00:00,96.98404604013356
2020-01-01 08:42:00+00:00,96.8195873706887
2020-01-01 08:43:00+00:00,96.92320133040283
2020-01-01 08:44:00+00:00,97.00701624665136
2020-01-01 08:45:00+00:00,96.96771405725427
2020-01-01 08:46:00+00:00,97.43666124397879
2020-01-01 08:47:00+00:00,97.72191269543052
2020-01-01 08:48:00+00:00,97.8012629250674
2020-01-01 08:49:00+00:00,97.88662264744471
2020-01-01 08:50:00+00:00,98.16458202261065
2020-01-01 08:51:00+00:00,98.38097053528566
2020-01-01 08:52:00+00:00,98.36945266396634
2020-01-01 08:53:00+00:00,98.45678326835957
2020-01-01 08:54:00+00:00,98.44182152436791
2020-01-01 08:55:00+00:00,98.22766398177231
2020-01-01 08:56:00+00:00,97.92399230149843
2020-01-01 08:57:00+00:00,97.96725728193599
2020-01-01 08:58:00+00:00,98.50806425584354
2020-01-01 08:59:00+00:00,98.78512193273583
2020-01-01 09:00:00+00:00,98.75603450860476
2020-01-01 09:01:00+00:00,98.76790545076274
2020-01-01 09:02:00+00:00,98.69013590272515
2020-01-01 09:03:00+00:00,98.39461943948041
2020-01-01 09:04:00+00:00,98.34177778541316
2020-01-01 09:05:00+00:00,98.34339960485082
2020-01-01 09:06:00+00:00,98.37782377712732
2020-01-01 09:07:00+00:00,98.61203798430842
2020-01-01 09:08:00+00:00,98.7074921651345
2020-01-01 09:09:00+00:00,98.94821332922861
2020-01-01 09:10:00+00:00,99.0679431330781
2020-01-01 09:11:00+00:00,99.16923313415258
2020-01-01 09:12:00+00:00,99.30648578347785
2020-01-01 09:13:00+00:00,99.14988448733264
2020-01-01 09:14:00+00:00,99.31641973769067
2020-01-01 09:15:00+00:00,99.26214370835336
2020-01-01 09:16:00+00:00,99.21394407631557
2020-01-01 09:17:00+00:00,99.22967294708866
2020-01-01 09:18:00+00:00,99.1574818183353
2020-01-01 09:19:00+00:00,98.96098995866383
2020-01-01 09:20:00+00:00,98.96160531584806
2020-01-01 09:21:00+00:00,98.91493243204395
2020-01-01 09:22:00+00:00,98.86179553120108
2020-01-01 09:23:00+00:00,98.8422394168771
2020-01-01 09:24:00+00:00,98.42861207378026
2020-01-01 09:25:00+00:00,98.37678023774814
2020-01-01 09:26:00+00:00,98.64913731376737
2020-01-01 09:27:00+00:00,98.90229774805009
2020-01-01 09:28:00+00:00,98.90957183059719
2020-01-01 09:29:00+00:00,98.91030875040695
2020-01-01 09:30:00+00:00,98.45654216892558
2020-01-01 09:31:00+00:00,98.3492406207769
2020-01-01 09:32:00+00:00,98.48458366827057
2020-01-01 09:33:00+00:00,98.4094092007978
2020-01-01 09:34:00+00:00,98.6116472259756
2020-01-01 09:35:00+00:00,98.79993280888432
2020-01-01 09:36:00+00:00,98.6905878555277
2020-01-01 09:37:00+00:00,98.71211106579133
2020-01-01 09:38:00+00:00,98.99702594873116
2020-01-01 09:39:00+00:00,98.71796560574651
2020-01-01 09:40:00+00:00,98.646270800091
2020-01-01 09:41:00+00:00,98.3508026816874
2020-01-01 09:42:00+00:00,98.18205060030752
2020-01-01 09:43:00+00:00,98.54165236569254
2020-01-01 09:44:00+00:00,98.46923307139004
2020-01-01 09:45:00+00:00,98.08858617539119
2020-01-01 09:46:00+00:00,97.89138013104335
2020-01-01 09:47:00+00:00,97.57806141819887
2020-01-01 09:48:00+00:00,97.6071231451185
2020-01-01 09:49:00+00:00,97.68848513389939
2020-01-01 09:50:00+00:00,97.85622597522426
2020-01-01 09:51:00+00:00,97.98067413229217
2020-01-01 09:52:00+00:00,97.71221655766199
2020-01-01 09:53:00+00:00,97.78309955513468
2020-01-01 09:54:00+00:00,97.75577654832198
2020-01-01 09:55:00+00:00,97.95275734644885
2020-01-01 09:56:00+00:00,98.09894855585647
2020-01-01 09:57:00+00:00,98.48665259248209
2020-01-01 09:58:00+00:00,98.30237162134587
2020-01-01 09:59:00+00:00,98.09080509439566
2020-01-01 10:00:00+00:00,97.99323170442126
2020-01-01 10:01:00+00:00,97.97276515495733
2020-01-01 10:02:00+00:00,97.83827107820524
2020-01-01 10:03:00+00:00,97.66319805903554
2020-01-01 10:04:00+00:00,97.7232648145802
2020-01-01 10:05:00+00:00,97.62444204316591
2020-01-01 10:06:00+00:00,97.48127335529236
2020-01-01 10:07:00+00:00,97.20036268510887
2020-01-01 10:08:00+00:00,96.7390654333275
2020-01-01 10:09:00+00:00,97.0114673441195
2020-01-01 10:10:00+00:00,97.27561090086608
2020-01-01 10:11:00+00:00,97.43553119588093
2020-01-01 10:12:00+00:00,97.5428540429222
2020-01-01 10:13:00+00:00,97.42482445394816
2020-01-01 10:14:00+00:00,97.5404464833771
2020-01-01 10:15:00+00:00,97.31183953155859
2020-01-01 10:16:00+00:00,97.32949939895576
2020-01-01 10:17:00+00:00,97.16855387820081
2020-01-01 10:18:00+00:00,97.28353920483673
2020-01-01 10:19:00+00:00,97.59648241287294
2020-01-01 10:20:00+00:00,97.39349270880766
2020-01-01 10:21:00+00:00,97.28509680751571
2020-01-01 10:22:00+00:00,97.29900174082537
2020-01-01 10:23:00+00:00,96.93132159420756
2020-01-01 10:24:00+00:00,96.61714930445937
2020-01-01 10:25:00+00:00,96.92324576290548
2020-01-01 10:26:00+00:00,96.9843031084474
2020-01-01 10:27:00+00:00,96.85735111881382
2020-01-01 10:28:00+00:00,96.84957322977806
2020-01-01 10:29:00+00:00,96.7514162630746
2020-01-01 10:30:00+00:00,96.77127377118173
2020-01-01 10:31:00+00:00,96.68016179611017
2020-01-01 10:32:00+00:00,96.65681019905419
2020-01-01 10:33:00+00:00,96.79079825344604
2020-01-01 10:34:00+00:00,96.91090830631882
2020-01-01 10:35:00+00:00,97.2069118394474
2020-01-01 10:36:00+00:00,97.28293744978969
2020-01-01 10:37:00+00:00,97.28769116911458
2020-01-01 10:38:00+00:00,97.61738528697943
2020-01-01 10:39:00+00:00,97.57313319637652
2020-01-01 10:40:00+00:00,97.13196596470507
2020-01-01 10:41:00+00:00,97.29537397694223
2020-01-01 10:42:00+00:00,97.34649092272026
2020-01-01 10:43:00+00:00,97.34172384009868
2020-01-01 10:44:00+00:00,97.51290384328611
2020-01-01 10:45:00+00:00,97.42223103125653
2020-01-01 10:46:00+00:00,96.98541975625955
2020-01-01 10:47:00+00:00,97.1577384792074
2020-01-01 10:48:00+00:00,97.02191269936704
2020-01-01 10:49:00+00:00,96.82335888403972
2020-01-01 10:50:00+00:00,96.39906743276143
2020-01-01 10:51:00+00:00,96.55202826677794
2020-01-01 10:52:00+00:00,96.0522165577668
2020-01-01 10:53:00+00:00,96.30077239593695
2020-01-01 10:54:00+00:00,96.22932160953158
2020-01-01 10:55:00+00:00,96.39538366405245
2020-01-01 10:56:00+00:00,96.47875306537263
2020-01-01 10:57:00+00:00,96.85772375770375
2020-01-01 10:58:00+00:00,96.93506934331538
2020-01-01 10:59:00+00:00,97.18188230368364
2020-01-01 11:00:00+00:00,97.06560350291177
2020-01-01 11:01:00+00:00,96.74466012090875
2020-01-01 11:02:00+00:00,96.94211768097041
2020-01-01 11:03:00+00:00,96.61960805464142
2020-01-01 11:04:00+00:00,96.76911994846613
2020-01-01 11:05:00+00:00,96.55038558675642
2020-01-01 11:06:00+00:00,96.60534685203652
2020-01-01 11:07:00+00:00,96.98317027294789
2020-01-01 11:08:00+00:00,97.11677453027198
2020-01-01 11:09:00+00:00,97.07254012224394
2020-01-01 11:10:00+00:00,97.16105329600111
2020-01-01 11:11:00+00:00,97.05246944441758
2020-01-01 11:12:00+00:00,97.53054831309802
2020-01-01 11:13:00+00:00,97.37942384099253
2020-01-01 11:14:00+00:00,97.35689644492622
2020-01-01 11:15:00+00:00,97.47239393279492
2020-01-01 11:16:00+00:00,97.54523304117458
2020-01-01 11:17:00+00:00,97.6426156564355
2020-01-01 11:18:00+00:00,97.5371273034525
2020-01-01 11:19:00+00:00,97.48454142511322
2020-01-01 11:20:00+00:00,97.6736309640947
2020-01-01 11:21:00+00:00,97.8534094576578
2020-01-01 11:22:00+00:00,97.93180692195135
2020-01-01 11:23:00+00:00,98.20945759587558
2020-01-01 11:24:00+00:00,98.41128998733211
2020-01-01 11:25:00+00:00,98.58715072666072
2020-01-01 11:26:00+00:00,98.24827949823396
2020-01-01 11:27:00+00:00,98.32455784420809
2020-01-01 11:28:00+00:00,98.36158083074876
2020-01-01 11:29:00+00:00,98.66838683183552
2020-01-01 11:30:00+00:00,98.06998522662217
2020-01-01 11:31:00+00:00,98.03588955060222
2020-01-01 11:32:00+00:00,98.05556613537118
2020-01-01 11:33:00+00:00,97.82788056023367
2020-01-01 11:34:00+00:00,97.63724877354714
2020-01-01 11:35:00+00:00,97.94454349258702
2020-01-01 11:36:00+00:00,98.04063563804763
2020-01-01 11:37:00+00:00,98.43264795976853
2020-01-01 11:38:00+00:00,98.39424166291482
2020-01-01 11:39:00+00:00,98.09872980651679
2020-01-01 11:40:00+00:00,98.0307126153207
2020-01-01 11:41:00+00:00,97.92817827114405
2020-01-01 11:42:00+00:00,98.07276423147005
2020-01-01 11:43:00+00:00,98.20789880400241
2020-01-01 11:44:00+00:00,98.31363273915953
2020-01-01 11:45:00+00:00,98.77267328126837
2020-01-01 11:46:00+00:00,99.03514520936645
2020-01-01 11:47:00+00:00,98.85673384301761
2020-01-01 11:48:00+00:00,99.0679886471949
2020-01-01 11:49:00+00:00,99.07395008548282
2020-01-01 11:50:00+00:00,99.02966066610755
2020-01-01 11:51:00+00:00,99.32519653986212
2020-01-01 11:52:00+00:00,99.13399839983896
2020-01-01 11:53:00+00:00,99.32726669085946
2020-01-01 11:54:00+00:00,99.48373073301069
2020-01-01 11:55:00+00:00,99.28978029317462
2020-01-01 11:56:00+00:00,98.94903382970703
2020-01-01 11:57:00+00:00,98.93177191634585
2020-01-01 11:58:00+00:00,98.3243870395436
2020-01-01 11:59:00+00:00,98.55528795460692
2020-01-01 12:00:00+00:00,98.62959385121486
2020-01-01 12:01:00+00:00,98.92831660060354
2020-01-01 12:02:00+00:00,98.9882708148478
2020-01-01 12:03:00+00:00,99.30693817474152
2020-01-01 12:04:00+00:00,99.18274798368014
2020-01-01 12:05:00+00:00,99.28900023014145
2020-01-01 12:06:00+00:00,99.20717440669176
2020-01-01 12:07:00+00:00,99.18338980251448
2020-01-01 12:08:00+00:00,99.20255682298222
2020-01-01 12:09:00+00:00,99.27875595556975
2020-01-01 12:10:00+00:00,99.12409303298809
2020-01-01 12:11:00+00:00,99.22221143939413
2020-01-01 12:12:00+00:00,99.23082128302487
2020-01-01 12:13:00+00:00,98.93907539405517
2020-01-01 12:14:00+00:00,98.5591673521865
2020-01-01 12:15:00+00:00,98.79917938964215
2020-01-01 12:16:00+00:00,98.3211771695423
2020-01-01 12:17:00+00:00,98.28704229070773
2020-01-01 12:18:00+00:00,97.97839054470305
2020-01-01 12:19:00+00:00,98.33835079911522
2020-01-01 12:20:00+00:00,98.45709259660075
2020-01-01 12:21:00+00:00,98.52624920945429
2020-01-01 12:22:00+00:00,98.35672435266362
2020-01-01 12:23:00+00:00,98.06967961324563
2020-01-01 12:24:00+00:00,98.10682989733994
2020-01-01 12:25:00+00:00,98.10212271182787
2020-01-01 12:26:00+00:00,97.88039042410807
2020-01-01 12:27:00+00:00,97.65347675434343
2020-01-01 12:28:00+00:00,97.41871971605568
2020-01-01 12:29:00+00:00,97.17833606882284
2020-01-01 12:30:00+00:00,97.05177201182109
2020-01-01 12:31:00+00:00,97.11901970248556
2020-01-01 12:32:00+00:00,97.2200792165426
2020-01-01 12:33:00+00:00,97.21122432424362
2020-01-01 12:34:00+00:00,97.23870300618852
2020-01-01 12:35:00+00:00,97.35179161103181
2020-01-01 12:36:00+00:00,96.93998083588913
2020-01-01 12:37:00+00:00,96.98360904980437
2020-01-01 12:38:00+00:00,97.25598509816383
2020-01-01 12:39:00+00:00,96.85653127839174
2020-01-01 12:40:00+00:00,96.28917738027472
2020-01-01 12:41:00+00:00,96.25064088369835
2020-01-01 12:42:00+00:00,96.47074135840909
2020-01-01 12:43:00+00:00,96.4358190863288
2020-01-01 12:44:00+00:00,96.563971530201
2020-01-01 12:45:00+00:00,96.62810604079233
2020-01-01 12:46:00+00:00,96.38651164329843
2020-01-01 12:47:00+00:00,96.18578697071342
2020-01-01 12:48:00+00:00,95.83406752885378
2020-01-01 12:49:00+00:00,96.1503647365572
2020-01-01 12:50:00+00:00,96.32508068459421
2020-01-01 12:51:00+00:00,96.30335057283277
2020-01-01 12:52:00+00:00,96.25412608648973
2020-01-01 12:53:00+00:00,96.0857742720343
2020-01-01 12:54:00+00:00,96.1684130877229
2020-01-01 12:55:00+00:00,96.01610516979419
2020-01-01 12:56:00+00:00,95.93953325135335
2020-01-01 12:57:00+00:00,95.80737836810185
2020-01-01 12:58:00+00:00,95.96949259650843
2020-01-01 12:59:00+00:00,95.93884417825403
2020-01-01 13:00:00+00:00,95.96813345190587
2020-01-01 13:01:00+00:00,95.72839248730422
2020-01-01 13:02:00+00:00,95.59582374767534
2020-01-01 13:03:00+00:00,95.62974916017747
2020-01-01 13:04:00+00:00,95.2983729594379
2020-01-01 13:05:00+00:00,95.25288533964036
2020-01-01 13:06:00+00:00,95.25022216398632
2020-01-01 13:07:00+00:00,94.98924886551183
2020-01-01 13:08:00+00:00,95.20029310489649
2020-01-01 13:09:00+00:00,95.27223347085013
2020-01-01 13:10:00+00:00,95.24028325307987
2020-01-01 13:11:00+00:00,95.09402280014197
2020-01-01 13:12:00+00:00,94.75990003489613
2020-01-01 13:13:00+00:00,94.9567925146558
2020-01-01 13:14:00+00:00,94.86149055384031
2020-01-01 13:15:00+00:00,94.5656887920029
2020-01-01 13:16:00+00:00,94.41393277184737
2020-01-01 13:17:00+00:00,94.50763017894792
2020-01-01 13:18:00+00:00,94.5568326110443
2020-01-01 13:19:00+00:00,94.33539585536683
2020-01-01 13:20:00+00:00,94.56865224043588
2020-01-01 13:21:00+00:00,94.27482097587368
2020-01-01 13:22:00+00:00,94.55411345900598
2020-01-01 13:23:00+00:00,94.59421426998054
2020-01-01 13:24:00+00:00,94.51585831891987
2020-01-01 13:25:00+00:00,94.46462767012626
2020-01-01 13:26:00+00:00,94.48046374405507
2020-01-01 13:27:00+00:00,94.58760787472241
2020-01-01 13:28:00+00:00,94.223255766253
2020-01-01 13:29:00+00:00,94.06854803627523
2020-01-01 13:30:00+00:00,94.07799352904068
2020-01-01 13:31:00+00:00,94.31664529786683
2020-01-01 13:32:00+00:00,94.54568743160914
2020-01-01 13:33:00+00:00,94.87301124770747
2020-01-01 13:34:00+00:00,95.09453535645216
2020-01-01 13:35:00+00:00,94.92313355706739
2020-01-01 13:36:00+00:00,94.91964390134368
2020-01-01 13:37:00+00:00,95.14090110451127
2020-01-01 13:38:00+00:00,95.34176292197047
2020-01-01 13:39:00+00:00,95.30001568788346
2020-01-01 13:40:00+00:00,95.40372514412068
2020-01-01 13:41:00+00:00,95.53952706226994
2020-01-01 13:42:00+00:00,95.55079801179136
2020-01-01 13:43:00+00:00,95.79606880176318
2020-01-01 13:44:00+00:00,95.65130720549313
2020-01-01 13:45:00+00:00,95.91612009310026
2020-01-01 13:46:00+00:00,95.83603712330134
2020-01-01 13:47:00+00:00,95.51305806709239
2020-01-01 13:48:00+00:00,95.15314414369918
2020-01-01 13:49:00+00:00,95.17938621976796
2020-01-01 13:50:00+00:00,94.95189449063577
2020-01-01 13:51:00+00:00,95.32151674640191
2020-01-01 13:52:00+00:00,95.17776746063666
2020-01-01 13:53:00+00:00,95.17817764289686
2020-01-01 13:54:00+00:00,95.03567074408998
2020-01-01 13:55:00+00:00,94.71274315211376
2020-01-01 13:56:00+00:00,94.80299016103774
2020-01-01 13:57:00+00:00,94.48127957644739
2020-01-01 13:58:00+00:00,94.55392406711897
2020-01-01 13:59:00+00:00,94.49804104443507
2020-01-01 14:00:00+00:00,94.29275778107151
2020-01-01 14:01:00+00:00,94.5381028286791
2020-01-01 14:02:00+00:00,94.66601790551378
2020-01-01 14:03:00+00:00,94.71547872968104
2020-01-01 14:04:00+00:00,94.8887459691399
2020-01-01 14:05:00+00:00,94.57766857247485
2020-01-01 14:06:00+00:00,94.4720928108164
2020-01-01 14:07:00+00:00,94.5538563899289
2020-01-01 14:08:00+00:00,95.02702750329178
2020-01-01 14:09:00+00:00,95.06807676657692
2020-01-01 14:10:00+00:00,94.9683477709609
2020-01-01 14:11:00+00:00,94.50269179383629
2020-01-01 14:12:00+00:00,94.88152053535413
2020-01-01 14:13:00+00:00,94.93318894395945
2020-01-01 14:14:00+00:00,94.90050926824796
2020-01-01 14:15:00+00:00,94.44900465825074
2020-01-01 14:16:00+00:00,94.42664178433525
2020-01-01 14:17:00+00:00,94.4517103007567
2020-01-01 14:18:00+00:00,94.34733020269161
2020-01-01 14:19:00+00:00,94.08395346941954
2020-01-01 14:20:00+00:00,93.80902793150334
2020-01-01 14:21:00+00:00,94.18699451142328
2020-01-01 14:22:00+00:00,94.20628073986752
2020-01-01 14:23:00+00:00,94.10160447779406
2020-01-01 14:24:00+00:00,94.10897041832918
2020-01-01 14:25:00+00:00,94.1029585902545
2020-01-01 14:26:00+00:00,93.82377190688092
2020-01-01 14:27:00+00:00,94.00030581034308
2020-01-01 14:28:00+00:00,93.96348152928012
2020-01-01 14:29:00+00:00,93.9851190178286
2020-01-01 14:30:00+00:00,94.27157552015352
2020-01-01 14:31:00+00:00,94.0178567965263
2020-01-01 14:32:00+00:00,93.86850460926216
2020-01-01 14:33:00+00:00,93.928862620322
2020-01-01 14:34:00+00:00,94.10032681657829
2020-01-01 14:35:00+00:00,93.98142726059392
2020-01-01 14:36:00+00:00,93.87302163309185
2020-01-01 14:37:00+00:00,93.99392814901087
2020-01-01 14:38:00+00:00,94.43526191832942
2020-01-01 14:39:00+00:00,94.44903313268355
2020-01-01 14:40:00+00:00,94.2965020600575
2020-01-01 14:41:00+00:00,94.08984779816623
2020-01-01 14:42:00+00:00,94.06160629325645
2020-01-01 14:43:00+00:00,94.22723647967219
2020-01-01 14:44:00+00:00,94.78259333450099
2020-01-01 14:45:00+00:00,94.7968247056067
2020-01-01 14:46:00+00:00,95.13622307026306
2020-01-01 14:47:00+00:00,95.19559561458436
2020-01-01 14:48:00+00:00,95.23796308911677
2020-01-01 14:49:00+00:00,95.53346048186818
2020-01-01 14:50:00+00:00,95.55277763543182
2020-01-01 14:51:00+00:00,95.35086672783561
2020-01-01 14:52:00+00:00,95.5996330783324
2020-01-01 14:53:00+00:00,95.27237425481682
2020-01-01 14:54:00+00:00,95.47997798159213
2020-01-01 14:55:00+00:00,95.47834767257105
2020-01-01 14:56:00+00:00,95.41665480694694
2020-01-01 14:57:00+00:00,95.34925425626302
2020-01-01 14:58:00+00:00,95.31877088707184
2020-01-01 14:59:00+00:00,95.22785169130282
2020-01-01 15:00:00+00:00,95.31799229198595
2020-01-01 15:01:00+00:00,95.23493385694466
2020-01-01 15:02:00+00:00,94.84905233519825
2020-01-01 15:03:00+00:00,94.84893979974
2020-01-01 15:04:00+00:00,95.03974287443215
2020-01-01 15:05:00+00:00,94.64382919128042
2020-01-01 15:06:00+00:00,94.64241186199533
2020-01-01 15:07:00+00:00,94.55097642854933
2020-01-01 15:08:00+00:00,94.73536484615175
2020-01-01 15:09:00+00:00,94.6839146345444
2020-01-01 15:10:00+00:00,94.83765269927662
2020-01-01 15:11:00+00:00,94.96717583418437
2020-01-01 15:12:00+00:00,95.10285391931897
2020-01-01 15:13:00+00:00,95.41763920954851
2020-01-01 15:14:00+00:00,95.37181607956816
2020-01-01 15:15:00+00:00,95.38342400117938
2020-01-01 15:16:00+00:00,95.46754184536711
2020-01-01 15:17:00+00:00,95.48535802781971
2020-01-01 15:18:00+00:00,95.43326057857836
2020-01-01 15:19:00+00:00,95.25094780987251
2020-01-01 15:20:00+00:00,95.25316464097669
2020-01-01 15:21:00+00:00,94.95127805178105
2020-01-01 15:22:00+00:00,94.54005863358226
2020-01-01 15:23:00+00:00,94.31678890665364
2020-01-01 15:24:00+00:00,94.44824129312977
2020-01-01 15:25:00+00:00,94.49418249277939
2020-01-01 15:26:00+00:00,94.62717771256473
2020-01-01 15:27:00+00:00,94.49068351321412
2020-01-01 15:28:00+00:00,94.6954186469472
2020-01-01 15:29:00+00:00,94.42253629331975
2020-01-01 15:30:00+00:00,94.21147113814786
2020-01-01 15:31:00+00:00,94.41196822283658
2020-01-01 15:32:00+00:00,94.44264096327677
2020-01-01 15:33:00+00:00,94.57438411157074
2020-01-01 15:34:00+00:00,94.61998446014374
2020-01-01 15:35:00+00:00,94.51116435937654
2020-01-01 15:36:00+00:00,94.28059103298234
2020-01-01 15:37:00+00:00,93.92770425479998
2020-01-01 15:38:00+00:00,94.27666849203084
2020-01-01 15:39:00+00:00,93.96092869703418
2020-01-01 15:40:00+00:00,94.2368516626088
2020-01-01 15:41:00+00:00,94.2565038566835
2020-01-01 15:42:00+00:00,94.30881392485469
2020-01-01 15:43:00+00:00,94.34808671357524
2020-01-01 15:44:00+00:00,94.45575015891846
2020-01-01 15:45:00+00:00,94.30013266583283
2020-01-01 15:46:00+00:00,93.87170200870273
2020-01-01 15:47:00+00:00,93.75705370652469
2020-01-01 15:48:00+00:00,93.84698225716784
2020-01-01 15:49:00+00:00,93.6343005330782
2020-01-01 15:50:00+00:00,93.84560249903409
2020-01-01 15:51:00+00:00,93.81997959432493
2020-01-01 15:52:00+00:00,93.59191362221094
2020-01-01 15:53:00+00:00,93.62061369762235
2020-01-01 15:54:00+00:00,93.7052356614339
2020-01-01 15:55:00+00:00,93.80439890801233
2020-01-01 15:56:00+00:00,93.23968860189325
2020-01-01 15:57:00+00:00,92.65106269715349
2020-01-01 15:58:00+00:00,92.8483551894467
2020-01-01 15:59:00+00:00,92.56764347753746
2020-01-01 16:00:00+00:00,92.76475548708237
2020-01-01 16:01:00+00:00,92.98433163375691
2020-01-01 16:02:00+00:00,92.7540806335606
2020-01-01 16:03:00+00:00,92.55849467779397
2020-01-01 16:04:00+00:00,92.69938681027486
2020-01-01 16:05:00+00:00,92.62102814941528
2020-01-01 16:06:00+00:00,92.87255887282811
2020-01-01 16:07:00+00:00,93.18710965029922
2020-01-01 16:08:00+00:00,92.96084064353956
2020-01-01 16:09:00+00:00,92.80523478879277
2020-01-01 16:10:00+00:00,92.8237129111807
2020-01-01 16:11:00+00:00,92.3980465848331
2020-01-01 16:12:00+00:00,92.04896348581465
2020-01-01 16:13:00+00:00,91.87351592921955
2020-01-01 16:14:00+00:00,92.26038976878347
2020-01-01 16:15:00+00:00,92.3076058830559
2020-01-01 16:16:00+00:00,92.1806328714935
2020-01-01 16:17:00+00:00,91.98316872062762
2020-01-01 16:18:00+00:00,91.7516587076287
2020-01-01 16:19:00+00:00,91.63960861405745
2020-01-01 16:20:00+00:00,91.51804314953326
2020-01-01 16:21:00+00:00,91.47348882853062
2020-01-01 16:22:00+00:00,91.56500099217607
2020-01-01 16:23:00+00:00,91.5483652660786
2020-01-01 16:24:00+00:00,91.69750748831741
2020-01-01 16:25:00+00:00,91.64035503979075
2020-01-01 16:26:00+00:00,91.95489305973977
2020-01-01 16:27:00+00:00,92.09879949833602
2020-01-01 16:28:00+00:00,92.13990574693894
2020-01-01 16:29:00+00:00,92.23314427450838
2020-01-01 16:30:00+00:00,92.12685209216123
2020-01-01 16:31:00+00:00,92.07943406715286
2020-01-01 16:32:00+00:00,92.02492501576415
2020-01-01 16:33:00+00:00,91.88161883017256
2020-01-01 16:34:00+00:00,91.62799012260619
2020-01-01 16:35:00+00:00,91.72921048699982
2020-01-01 16:36:00+00:00,91.90769364937735
2020-01-01 16:37:00+00:00,91.97980245522868
2020-01-01 16:38:00+00:00,91.96303415432966
2020-01-01 16:39:00+00:00,92.3686016470523
2020-01-01 16:40:00+00:00,92.24680318770727
2020-01-01 16:41:00+00:00,92.29270941332258
2020-01-01 16:42:00+00:00,92.49900670160788
2020-01-01 16:43:00+00:00,92.29619896253423
2020-01-01 16:44:00+00:00,92.41088678379813
2020-01-01 16:45:00+00:00,92.73914764061509
2020-01-01 16:46:00+00:00,92.73726268881822
2020-01-01 16:47:00+00:00,92.76696567758607
2020-01-01 16:48:00+00:00,92.6447963078354
2020-01-01 16:49:00+00:00,92.73281491589542
2020-01-01 16:50:00+00:00,92.58803663319112
2020-01-01 16:51:00+00:00,92.5753344061175
2020-01-01 16:52:00+00:00,92.30626220651496
2020-01-01 16:53:00+00:00,91.8333348642534
2020-01-01 16:54:00+00:00,91.74716729851069
2020-01-01 16:55:00+00:00,91.65779010060213
2020-01-01 16:56:00+00:00,91.58602081307315
2020-01-01 16:57:00+00:00,91.71845695995583
2020-01-01 16:58:00+00:00,91.89738775281847
2020-01-01 16:59:00+00:00,91.95049254891826
2020-01-01 17:00:00+00:00,92.06981918491066
2020-01-01 17:01:00+00:00,91.9301508245253
2020-01-01 17:02:00+00:00,91.74740020858022
2020-01-01 17:03:00+00:00,91.83878641628738
2020-01-01 17:04:00+00:00,91.63414586627383
2020-01-01 17:05:00+00:00,91.41143037070643
2020-01-01 17:06:00+00:00,91.93408934109264
2020-01-01 17:07:00+00:00,92.04070407108449
2020-01-01 17:08:00+00:00,91.71096354387636
2020-01-01 17:09:00+00:00,91.51273593167049
2020-01-01 17:10:00+00:00,91.82756626702975
2020-01-01 17:11:00+00:00,91.89678409320152
2020-01-01 17:12:00+00:00,91.86540047551848
2020-01-01 17:13:00+00:00,91.85951760891926
2020-01-01 17:14:00+00:00,91.82394338498806
2020-01-01 17:15:00+00:00,91.57001668438714
2020-01-01 17:16:00+00:00,91.52229077758197
2020-01-01 17:17:00+00:00,91.28959903652269
2020-01-01 17:18:00+00:00,91.29924309027898
2020-01-01 17:19:00+00:00,91.13282006655452
2020-01-01 17:20:00+00:00,91.20293310311455
2020-01-01 17:21:00+00:00,91.23176903726747
2020-01-01 17:22:00+00:00,91.3737107705134
2020-01-01 17:23:00+00:00,91.28876249656346
2020-01-01 17:24:00+00:00,91.37358452673095
2020-01-01 17:25:00+00:00,91.48719777184647
2020-01-01 17:26:00+00:00,91.63429544546516
2020-01-01 17:27:00+00:00,91.77457642739338
2020-01-01 17:28:00+00:00,91.63053633911761
2020-01-01 17:29:00+00:00,91.91014800932251
2020-01-01 17:30:00+00:00,91.60112119512706
2020-01-01 17:31:00+00:00,91.74009253210501
2020-01-01 17:32:00+00:00,91.64829998503542
2020-01-01 17:33:00+00:00,91.45955834190745
2020-01-01 17:34:00+00:00,91.49764771518576
2020-01-01 17:35:00+00:00,91.58683216551184
2020-01-01 17:36:00+00:00,91.62260316042462
2020-01-01 17:37:00+00:00,91.57602899830701
2020-01-01 17:38:00+00:00,91.59521602684406
2020-01-01 17:39:00+00:00,91.73245498435799
2020-01-01 17:40:00+00:00,91.7403029023563
2020-01-01 17:41:00+00:00,91.7523263264498
2020-01-01 17:42:00+00:00,91.7864135533106
2020-01-01 17:43:00+00:00,91.69258617422771
2020-01-01 17:44:00+00:00,91.88349270929682
2020-01-01 17:45:00+00:00,92.29989400811209
2020-01-01 17:46:00+00:00,92.35756440273971
2020-01-01 17:47:00+00:00,92.29495836806929
2020-01-01 17:48:00+00:00,92.44502732903851
2020-01-01 17:49:00+00:00,92.6678368538988
2020-01-01 17:50:00+00:00,92.60938101932965
2020-01-01 17:51:00+00:00,92.68022856487076
2020-01-01 17:52:00+00:00,92.55550081204024
2020-01-01 17:53:00+00:00,92.7241864478367
2020-01-01 17:54:00+00:00,92.74706494317115
2020-01-01 17:55:00+00:00,92.87768440171708
2020-01-01 17:56:00+00:00,92.68541890930949
2020-01-01 17:57:00+00:00,92.79224974365651
2020-01-01 17:58:00+00:00,92.6489479917043
2020-01-01 17:59:00+00:00,92.51749102846755
2020-01-01 18:00:00+00:00,92.35126051048431
2020-01-01 18:01:00+00:00,92.46347441214496
2020-01-01 18:02:00+00:00,92.68458363765617
2020-01-01 18:03:00+00:00,92.37505326904481
2020-01-01 18:04:00+00:00,92.26371026735373
2020-01-01 18:05:00+00:00,92.0690707928831
2020-01-01 18:06:00+00:00,91.85077560312848
2020-01-01 18:07:00+00:00,91.86000419985304
2020-01-01 18:08:00+00:00,91.95046269301707
2020-01-01 18:09:00+00:00,91.88400610993594
2020-01-01 18:10:00+00:00,91.92632754118965
2020-01-01 18:11:00+00:00,91.74342786297753
2020-01-01 18:12:00+00:00,91.74661946657565
2020-01-01 18:13:00+00:00,91.6609556395514
2020-01-01 18:14:00+00:00,91.76263283040505
2020-01-01 18:15:00+00:00,91.59031246553656
2020-01-01 18:16:00+00:00,91.59713433748689
2020-01-01 18:17:00+00:00,91.25569579957077
2020-01-01 18:18:00+00:00,91.2582645546039
2020-01-01 18:19:00+00:00,91.11069773494964
2020-01-01 18:20:00+00:00,91.07870933398267
2020-01-01 18:21:00+00:00,91.18742495954238
2020-01-01 18:22:00+00:00,91.13431275394326
2020-01-01 18:23:00+00:00,91.21306833239721
2020-01-01 18:24:00+00:00,91.13503397280054
2020-01-01 18:25:00+00:00,91.31127745616966
2020-01-01 18:26:00+00:00,91.63390861092792
2020-01-01 18:27:00+00:00,91.6364377491187
2020-01-01 18:28:00+00:00,91.61872370607436
2020-01-01 18:29:00+00:00,91.35105434941161
2020-01-01 18:30:00+00:00,91.21381858320359
2020-01-01 18:31:00+00:00,91.07314035890576
2020-01-01 18:32:00+00:00,91.11478897330736
2020-01-01 18:33:00+00:00,91.21723584246956
2020-01-01 18:34:00+00:00,91.26705763229458
2020-01-01 18:35:00+00:00,91.07408980961367
2020-01-01 18:36:00+00:00,91.35928546654148
2020-01-01 18:37:00+00:00,91.1707328457054
2020-01-01 18:38:00+00:00,91.15457612807333
2020-01-01 18:39:00+00:00,91.09987115823989
2020-01-01 18:40:00+00:00,90.95472697738231
2020-01-01 18:41:00+00:00,91.12561754935487
2020-01-01 18:42:00+00:00,91.01336876314832
2020-01-01 18:43:00+00:00,90.87771703738036
2020-01-01 18:44:00+00:00,91.08868304637984
2020-01-01 18:45:00+00:00,91.07332503850519
2020-01-01 18:46:00+00:00,90.64200273323927
2020-01-01 18:47:00+00:00,90.42796966413927
2020-01-01 18:48:00+00:00,90.47239311130745
2020-01-01 18:49:00+00:00,90.57202246344693
2020-01-01 18:50:00+00:00,90.42782458653947
2020-01-01 18:51:00+00:00,90.39225496679997
2020-01-01 18:52:00+00:00,90.5359411948191
2020-01-01 18:53:00+00:00,90.49697199706202
2020-01-01 18:54:00+00:00,90.41329223827928
2020-01-01 18:55:00+00:00,90.21395943900846
2020-01-01 18:56:00+00:00,90.37976764130211
2020-01-01 18:57:00+00:00,89.82524352495494
2020-01-01 18:58:00+00:00,90.1680089249817
2020-01-01 18:59:00+00:00,89.80823795040085
2020-01-01 19:00:00+00:00,89.81066628359945
2020-01-01 19:01:00+00:00,89.86120868688147
2020-01-01 19:02:00+00:00,89.92729707881666
2020-01-01 19:03:00+00:00,90.34276177641617
2020-01-01 19:04:00+00:00,90.0536669833795
2020-01-01 19:05:00+00:00,90.2617334693144
2020-01-01 19:06:00+00:00,90.183576736103
2020-01-01 19:07:00+00:00,90.35430154225483
2020-01-01 19:08:00+00:00,90.21381972049831
2020-01-01 19:09:00+00:00,90.15669827217904
2020-01-01 19:10:00+00:00,89.99129827381411
2020-01-01 19:11:00+00:00,89.90907619761558
2020-01-01 19:12:00+00:00,89.81625854609648
2020-01-01 19:13:00+00:00,89.81880177899052
2020-01-01 19:14:00+00:00,89.86874859805489
2020-01-01 19:15:00+00:00,89.92213758198035
2020-01-01 19:16:00+00:00,89.93289247616208
2020-01-01 19:17:00+00:00,90.00314251750264
2020-01-01 19:18:00+00:00,90.0804832019627
2020-01-01 19:19:00+00:00,90.02814405886012
2020-01-01 19:20:00+00:00,90.27094323903616
2020-01-01 19:21:00+00:00,90.27321478946891
2020-01-01 19:22:00+00:00,90.37490523700666
2020-01-01 19:23:00+00:00,90.66850372494355
2020-01-01 19:24:00+00:00,90.8674764629844
2020-01-01 19:25:00+00:00,90.55849959883027
2020-01-01 19:26:00+00:00,90.55185921510282
2020-01-01 19:27:00+00:00,90.56853647633292
2020-01-01 19:28:00+00:00,90.73601503457695
2020-01-01 19:29:00+00:00,90.90599279792741
2020-01-01 19:30:00+00:00,90.86746822174163
2020-01-01 19:31:00+00:00,90.8288532991558
2020-01-01 19:32:00+00:00,90.63065047055814
2020-01-01 19:33:00+00:00,90.4904107382414
2020-01-01 19:34:00+00:00,90.64321467810453
2020-01-01 19:35:00+00:00,90.76989348563673
2020-01-01 19:36:00+00:00,90.80989139150894
2020-01-01 19:37:00+00:00,90.36693197709295
2020-01-01 19:38:00+00:00,90.43201293456445
2020-01-01 19:39:00+00:00,90.74931083535384
2020-01-01 19:40:00+00:00,90.5463773470817
2020-01-01 19:41:00+00:00,90.64353738487296
2020-01-01 19:42:00+00:00,90.94806571476992
2020-01-01 19:43:00+00:00,90.8680135362375
2020-01-01 19:44:00+00:00,91.03094110183592
2020-01-01 19:45:00+00:00,90.98157434206756
2020-01-01 19:46:00+00:00,91.30963764837023
2020-01-01 19:47:00+00:00,90.81007551504383
2020-01-01 19:48:00+00:00,90.66788838662416
2020-01-01 19:49:00+00:00,90.65039761505511
2020-01-01 19:50:00+00:00,90.80911111797305
2020-01-01 19:51:00+00:00,90.70462047144851
2020-01-01 19:52:00+00:00,90.5808672586751
2020-01-01 19:53:00+00:00,90.71651208407538
2020-01-01 19:54:00+00:00,90.70735579263585
2020-01-01 19:55:00+00:00,90.85252072331211
2020-01-01 19:56:00+00:00,90.91652701893217
2020-01-01 19:57:00+00:00,90.6763607421065
2020-01-01 19:58:00+00:00,90.63861266044786
2020-01-01 19:59:00+00:00,90.75964718708872
2020-01-01 20:00:00+00:00,90.96074851715836
2020-01-01 20:01:00+00:00,90.81834567580354
2020-01-01 20:02:00+00:00,90.48292307752234
2020-01-01 20:03:00+00:00,90.41126617773138
2020-01-01 20:04:00+00:00,90.30165756648351
2020-01-01 20:05:00+00:00,90.62447893325066
2020-01-01 20:06:00+00:00,90.32699703511582
2020-01-01 20:07:00+00:00,90.60753315274229
2020-01-01 20:08:00+00:00,90.47689841746939
2020-01-01 20:09:00+00:00,89.99872420373296
2020-01-01 20:10:00+00:00,89.94071881081635
2020-01-01 20:11:00+00:00,89.85025167779126
2020-01-01 20:12:00+00:00,90.08419903392442
2020-01-01 20:13:00+00:00,89.96383943880747
2020-01-01 20:14:00+00:00,90.3416242984559
2020-01-01 20:15:00+00:00,90.55654020137797
2020-01-01 20:16:00+00:00,90.57802086410936
2020-01-01 20:17:00+00:00,90.37854835393976
2020-01-01 20:18:00+00:00,90.43609810535084
2020-01-01 20:19:00+00:00,90.40906026449635
2020-01-01 20:20:00+00:00,90.52729640735062
2020-01-01 20:21:00+00:00,90.6807506262411
2020-01-01 20:22:00+00:00,91.222603982357
2020-01-01 20:23:00+00:00,91.12746863993006
2020-01-01 20:24:00+00:00,91.29747239787459
2020-01-01 20:25:00+00:00,91.21401638702179
2020-01-01 20:26:00+00:00,91.04345962280861
2020-01-01 20:27:00+00:00,91.06183165689593
2020-01-01 20:28:00+00:00,90.93779176072651
2020-01-01 20:29:00+00:00,90.54234718833591
2020-01-01 20:30:00+00:00,90.27151610431665
2020-01-01 20:31:00+00:00,90.02859276974254
2020-01-01 20:32:00+00:00,89.87102682053705
2020-01-01 20:33:00+00:00,90.13933970259538
2020-01-01 20:34:00+00:00,90.14261076179031
2020-01-01 20:35:00+00:00,90.05511497089671
2020-01-01 20:36:00+00:00,90.17254179832703
2020-01-01 20:37:00+00:00,90.17988284171425
2020-01-01 20:38:00+00:00,90.22294331766584
2020-01-01 20:39:00+00:00,90.16604275521541
2020-01-01 20:40:00+00:00,89.98574737629939
2020-01-01 20:41:00+00:00,89.97846858839817
2020-01-01 20:42:00+00:00,89.95540497532014
2020-01-01 20:43:00+00:00,90.12544699512503
2020-01-01 20:44:00+00:00,90.1249932407127
2020-01-01 20:45:00+00:00,89.9836630585026
2020-01-01 20:46:00+00:00,89.83059502717614
2020-01-01 20:47:00+00:00,90.27627793303608
2020-01-01 20:48:00+00:00,89.83717854512489
2020-01-01 20:49:00+00:00,90.08292536020997
2020-01-01 20:50:00+00:00,90.13252555644713
2020-01-01 20:51:00+00:00,90.22927303765572
2020-01-01 20:52:00+00:00,90.41377097083986
2020-01-01 20:53:00+00:00,90.48630088060612
2020-01-01 20:54:00+00:00,90.42419117668392
2020-01-01 20:55:00+00:00,90.76906273942343
2020-01-01 20:56:00+00:00,90.9312040375033
2020-01-01 20:57:00+00:00,90.81380614867686
2020-01-01 20:58:00+00:00,91.09930740489186
2020-01-01 20:59:00+00:00,90.76003209762192
2020-01-01 21:00:00+00:00,91.11134464961589
2020-01-01 21:01:00+00:00,90.75848088219341
2020-01-01 21:02:00+00:00,90.89337898838059
2020-01-01 21:03:00+00:00,90.82044907580557
2020-01-01 21:04:00+00:00,90.71388506672493
2020-01-01 21:05:00+00:00,90.82080114954442
2020-01-01 21:06:00+00:00,90.8493604067031
2020-01-01 21:07:00+00:00,91.05359784516945
2020-01-01 21:08:00+00:00,90.73687229384554
2020-01-01 21:09:00+00:00,90.8597671984
2020-01-01 21:10:00+00:00,90.93898222013445
2020-01-01 21:11:00+00:00,91.09145826266668
2020-01-01 21:12:00+00:00,90.99779191934407
2020-01-01 21:13:00+00:00,91.38514286293325
2020-01-01 21:14:00+00:00,91.48205890354065
2020-01-01 21:15:00+00:00,91.46089021308082
2020-01-01 21:16:00+00:00,91.05551079581916
2020-01-01 21:17:00+00:00,90.98211086021827
2020-01-01 21:18:00+00:00,91.1463143457982
2020-01-01 21:19:00+00:00,91.44014976241371
2020-01-01 21:20:00+00:00,91.44920729650453
2020-01-01 21:21:00+00:00,91.78222406827447
2020-01-01 21:22:00+00:00,91.59518064805268
2020-01-01 21:23:00+00:00,91.68193697830908
2020-01-01 21:24:00+00:00,91.77552159939435
2020-01-01 21:25:00+00:00,91.90496005359662
2020-01-01 21:26:00+00:00,91.9422006271522
2020-01-01 21:27:00+00:00,92.01932393162177
2020-01-01 21:28:00+00:00,91.82455670361958
2020-01-01 21:29:00+00:00,92.10306932980129
2020-01-01 21:30:00+00:00,92.30027567272424
2020-01-01 21:31:00+00:00,92.36912152696985
2020-01-01 21:32:00+00:00,92.57016168261065
2020-01-01 21:33:00+00:00,92.85403046288006
2020-01-01 21:34:00+00:00,92.97934713372798
2020-01-01 21:35:00+00:00,93.41405529679525
2020-01-01 21:36:00+00:00,93.55760285636205
2020-01-01 21:37:00+00:00,93.39078732269775
2020-01-01 21:38:00+00:00,93.44914135672937
2020-01-01 21:39:00+00:00,93.66272694278109
2020-01-01 21:40:00+00:00,93.9530200545245
2020-01-01 21:41:00+00:00,93.99490883131834
2020-01-01 21:42:00+00:00,93.810821963933
2020-01-01 21:43:00+00:00,93.77051031634225
2020-01-01 21:44:00+00:00,93.49797750047384
2020-01-01 21:45:00+00:00,93.66783525867524
2020-01-01 21:46:00+00:00,93.58709933451152
2020-01-01 21:47:00+00:00,93.44622392730868
2020-01-01 21:48:00+00:00,93.63782955667492
2020-01-01 21:49:00+00:00,93.97988195231302
2020-01-01 21:50:00+00:00,93.83896519696367
2020-01-01 21:51:00+00:00,93.88283882351894
2020-01-01 21:52:00+00:00,93.850738185147
2020-01-01 21:53:00+00:00,94.1559512571153
2020-01-01 21:54:00+00:00,94.1471072936231
2020-01-01 21:55:00+00:00,93.94321173368986
2020-01-01 21:56:00+00:00,93.94430306178056
2020-01-01 21:57:00+00:00,94.1928653145737
2020-01-01 21:58:00+00:00,94.1489801972683
2020-01-01 21:59:00+00:00,94.02924568853194
2020-01-01 22:00:00+00:00,94.0113135388329
2020-01-01 22:01:00+00:00,93.8161067243804
2020-01-01 22:02:00+00:00,93.78405409772897
2020-01-01 22:03:00+00:00,93.67811288716233
2020-01-01 22:04:00+00:00,94.17012239166742
2020-01-01 22:05:00+00:00,93.77890364563072
2020-01-01 22:06:00+00:00,93.60829170104601
2020-01-01 22:07:00+00:00,93.48848533361918
2020-01-01 22:08:00+00:00,93.29546865255077
2020-01-01 22:09:00+00:00,93.38620667202846
2020-01-01 22:10:00+00:00,93.24478986873058
2020-01-01 22:11:00+00:00,92.95812194295766
2020-01-01 22:12:00+00:00,92.98183339491217
2020-01-01 22:13:00+00:00,92.92789009006226
2020-01-01 22:14:00+00:00,92.7986455394356
2020-01-01 22:15:00+00:00,93.08158470700793
2020-01-01 22:16:00+00:00,93.17706848815459
2020-01-01 22:17:00+00:00,93.24867219583423
2020-01-01 22:18:00+00:00,93.34914316247603
2020-01-01 22:19:00+00:00,93.43972690035606
2020-01-01 22:20:00+00:00,93.39533017861069
2020-01-01 22:21:00+00:00,93.25697778326015
2020-01-01 22:22:00+00:00,93.28543647983945
2020-01-01 22:23:00+00:00,93.236691521974
2020-01-01 22:24:00+00:00,92.84776401522838
2020-01-01 22:25:00+00:00,92.63743208288486
2020-01-01 22:26:00+00:00,92.5635438382243
2020-01-01 22:27:00+00:00,92.75746951134902
2020-01-01 22:28:00+00:00,92.78700270197426
2020-01-01 22:29:00+00:00,92.61305130741378
2020-01-01 22:30:00+00:00,92.38907961493723
2020-01-01 22:31:00+00:00,92.62798714642166
2020-01-01 22:32:00+00:00,92.59266091844582
2020-01-01 22:33:00+00:00,92.02315688625184
2020-01-01 22:34:00+00:00,92.0007789219859
2020-01-01 22:35:00+00:00,92.13934365507185
2020-01-01 22:36:00+00:00,91.91738189646277
2020-01-01 22:37:00+00:00,91.93043511770513
2020-01-01 22:38:00+00:00,91.96152477281827
2020-01-01 22:39:00+00:00,91.7527108335548
2020-01-01 22:40:00+00:00,91.99930739029652
2020-01-01 22:41:00+00:00,92.03401531355047
2020-01-01 22:42:00+00:00,91.96255425897826
2020-01-01 22:43:00+00:00,91.92985542393458
2020-01-01 22:44:00+00:00,91.68395194213481
2020-01-01 22:45:00+00:00,91.43058391200424
2020-01-01 22:46:00+00:00,91.340004556433
2020-01-01 22:47:00+00:00,91.26175181986265
2020-01-01 22:48:00+00:00,91.21604174248327
2020-01-01 22:49:00+00:00,91.49116011424645
2020-01-01 22:50:00+00:00,91.61944961147667
2020-01-01 22:51:00+00:00,91.26796783471143
2020-01-01 22:52:00+00:00,91.49775533177322
2020-01-01 22:53:00+00:00,91.40443395626004
2020-01-01 22:54:00+00:00,91.55247385207738
2020-01-01 22:55:00+00:00,91.47503617232094
2020-01-01 22:56:00+00:00,91.49759685450178
2020-01-01 22:57:00+00:00,91.26007345676508
2020-01-01 22:58:00+00:00,91.32564893423074
2020-01-01 22:59:00+00:00,91.49820894731677
2020-01-01 23:00:00+00:00,91.17888463754414
2020-01-01 23:01:00+00:00,91.35385192038714
2020-01-01 23:02:00+00:00,91.21760782857368
2020-01-01 23:03:00+00:00,91.56525025444336
2020-01-01 23:04:00+00:00,91.71836638205085
2020-01-01 23:05:00+00:00,91.83336975167121
2020-01-01 23:06:00+00:00,91.80087636905363
2020-01-01 23:07:00+00:00,92.32308857140885
2020-01-01 23:08:00+00:00,92.23117867460621
2020-01-01 23:09:00+00:00,92.03184142306242
2020-01-01 23:10:00+00:00,91.90088413581881
2020-01-01 23:11:00+00:00,92.11150557018767
2020-01-01 23:12:00+00:00,92.13011829840325
2020-01-01 23:13:00+00:00,92.11908175149823
2020-01-01 23:14:00+00:00,92.0314305822313
2020-01-01 23:15:00+00:00,92.01014403485092
2020-01-01 23:16:00+00:00,91.90898184289371
2020-01-01 23:17:00+00:00,92.04173564037144
2020-01-01 23:18:00+00:00,91.99123340892982
2020-01-01 23:19:00+00:00,91.86543283222515
2020-01-01 23:20:00+00:00,92.05408343130046
2020-01-01 23:21:00+00:00,91.86296031095618
2020-01-01 23:22:00+00:00,91.88410844231502
2020-01-01 23:23:00+00:00,91.50892895476572
2020-01-01 23:24:00+00:00,91.24172023723538
2020-01-01 23:25:00+00:00,91.17120246584616
2020-01-01 23:26:00+00:00,91.06838949167168
2020-01-01 23:27:00+00:00,90.96619053080181
2020-01-01 23:28:00+00:00,91.1160760996118
2020-01-01 23:29:00+00:00,91.2783252060146
2020-01-01 23:30:00+00:00,91.33631606944617
2020-01-01 23:31:00+00:00,91.136672187579
2020-01-01 23:32:00+00:00,91.11435988390804
2020-01-01 23:33:00+00:00,91.48804618867506
2020-01-01 23:34:00+00:00,91.9784857975601
2020-01-01 23:35:00+00:00,92.17222683526856
2020-01-01 23:36:00+00:00,91.97525173534684
2020-01-01 23:37:00+00:00,91.95406924849158
2020-01-01 23:38:00+00:00,91.9994009474027
2020-01-01 23:39:00+00:00,92.01427575781138
2020-01-01 23:40:00+00:00,92.2294562298967
2020-01-01 23:41:00+00:00,92.37308874898483
2020-01-01 23:42:00+00:00,92.16829041459417
2020-01-01 23:43:00+00:00,92.04714672950793
2020-01-01 23:44:00+00:00,92.23762505066644
2020-01-01 23:45:00+00:00,92.51587240573818
2020-01-01 23:46:00+00:00,92.56354068553078
2020-01-01 23:47:00+00:00,92.8727038194051
2020-01-01 23:48:00+00:00,92.8973328209667
2020-01-01 23:49:00+00:00,92.72453514658055
2020-01-01 23:50:00+00:00,92.84819565259781
2020-01-01 23:51:00+00:00,93.44823661030236
2020-01-01 23:52:00+00:00,93.20050441849588
2020-01-01 23:53:00+00:00,93.50105466892889
2020-01-01 23:54:00+00:00,93.61297361906279
2020-01-01 23:55:00+00:00,93.47915289136886
2020-01-01 23:56:00+00:00,93.10491688176295
2020-01-01 23:57:00+00:00,92.66680991840988
2020-01-01 23:58:00+00:00,92.5616647102194
2020-01-01 23:59:00+00:00,92.63926045844157
2020-01-02 00:00:00+00:00,92.81362575834376
2020-01-02 00:01:00+00:00,93.03655107930972
2020-01-02 00:02:00+00:00,93.09548966168738
2020-01-02 00:03:00+00:00,93.12294027160651
2020-01-02 00:04:00+00:00,93.05877489025355
2020-01-02 00:05:00+00:00,93.14018374739314
2020-01-02 00:06:00+00:00,93.01302028940965
2020-01-02 00:07:00+00:00,92.7816386056908
2020-01-02 00:08:00+00:00,92.79667896143724
2020-01-02 00:09:00+00:00,92.95162700466415
2020-01-02 00:10:00+00:00,92.68283180410334
2020-01-02 00:11:00+00:00,92.58015244150681
2020-01-02 00:12:00+00:00,92.5879925478203
2020-01-02 00:13:00+00:00,92.59182113267842
2020-01-02 00:14:00+00:00,92.69622258073852
2020-01-02 00:15:00+00:00,93.05848107157722
2020-01-02 00:16:00+00:00,92.63300925773875
2020-01-02 00:17:00+00:00,93.00157049588692
2020-01-02 00:18:00+00:00,93.35268464890535
2020-01-02 00:19:00+00:00,93.52850925665331
2020-01-02 00:20:00+00:00,93.57176856357977
2020-01-02 00:21:00+00:00,93.44693173235493
2020-01-02 00:22:00+00:00,93.62085145997393
2020-01-02 00:23:00+00:00,93.67450477184134
2020-01-02 00:24:00+00:00,93.61377486282319
2020-01-02 00:25:00+00:00,93.78327668401212
2020-01-02 00:26:00+00:00,93.99035230829358
2020-01-02 00:27:00+00:00,93.45448179865681
2020-01-02 00:28:00+00:00,93.73477306978768
2020-01-02 00:29:00+00:00,93.58721878021733
2020-01-02 00:30:00+00:00,93.83802175989167
2020-01-02 00:31:00+00:00,93.78022929938493
2020-01-02 00:32:00+00:00,93.82468645912034
2020-01-02 00:33:00+00:00,93.9080622035393
2020-01-02 00:34:00+00:00,94.1390435454541
2020-01-02 00:35:00+00:00,94.28898858607765
2020-01-02 00:36:00+00:00,93.79252571107644
2020-01-02 00:37:00+00:00,93.58984680954566
2020-01-02 00:38:00+00:00,93.61241947473292
2020-01-02 00:39:00+00:00,93.99795277110557
2020-01-02 00:40:00+00:00,93.992496551544
2020-01-02 00:41:00+00:00,93.84687331877105
2020-01-02 00:42:00+00:00,93.53352426001399
2020-01-02 00:43:00+00:00,93.39956581485336
2020-01-02 00:44:00+00:00,93.39311377887182
2020-01-02 00:45:00+00:00,93.38250312521367
2020-01-02 00:46:00+00:00,93.2671783966938
2020-01-02 00:47:00+00:00,93.32954513294622
2020-01-02 00:48:00+00:00,93.30502003950801
2020-01-02 00:49:00+00:00,93.75626524529716
2020-01-02 00:50:00+00:00,94.05863766122403
2020-01-02 00:51:00+00:00,94.10917976851152
2020-01-02 00:52:00+00:00,94.0216001494026
2020-01-02 00:53:00+00:00,94.33092266772167
2020-01-02 00:54:00+00:00,94.600149205774
2020-01-02 00:55:00+00:00,94.91734176358673
2020-01-02 00:56:00+00:00,95.38186273218408
2020-01-02 00:57:00+00:00,95.23307712712094
2020-01-02 00:58:00+00:00,95.68826793350995
2020-01-02 00:59:00+00:00,95.62285937283139
2020-01-02 01:00:00+00:00,95.75815953694845
2020-01-02 01:01:00+00:00,95.45038916492877
2020-01-02 01:02:00+00:00,95.35907643701982
2020-01-02 01:03:00+00:00,95.57094960065653
2020-01-02 01:04:00+00:00,95.7182753662737
2020-01-02 01:05:00+00:00,95.64682522333688
2020-01-02 01:06:00+00:00,95.67073371685927
2020-01-02 01:07:00+00:00,95.55640663733973
2020-01-02 01:08:00+00:00,95.76943908258336
2020-01-02 01:09:00+00:00,95.35949311899404
2020-01-02 01:10:00+00:00,95.6615278183932
2020-01-02 01:11:00+00:00,95.50864599850517
2020-01-02 01:12:00+00:00,95.51128303455813
2020-01-02 01:13:00+00:00,95.24121435620705
2020-01-02 01:14:00+00:00,95.2954510808466
2020-01-02 01:15:00+00:00,95.40842430485867
2020-01-02 01:16:00+00:00,95.47934703782097
2020-01-02 01:17:00+00:00,95.5763903154609
2020-01-02 01:18:00+00:00,95.55738880127646
2020-01-02 01:19:00+00:00,95.54311652076612
2020-01-02 01:20:00+00:00,95.51941875658775
2020-01-02 01:21:00+00:00,95.42138626880374
2020-01-02 01:22:00+00:00,95.34748875254783
2020-01-02 01:23:00+00:00,95.45064507912613
2020-01-02 01:24:00+00:00,95.73236324238124
2020-01-02 01:25:00+00:00,95.54701026586862
2020-01-02 01:26:00+00:00,95.53197611400928
2020-01-02 01:27:00+00:00,95.30713190289232
2020-01-02 01:28:00+00:00,95.21387188618158
2020-01-02 01:29:00+00:00,95.15192365013314
2020-01-02 01:30:00+00:00,95.19115431732507
2020-01-02 01:31:00+00:00,95.2252887552119
2020-01-02 01:32:00+00:00,95.22611225438412
2020-01-02 01:33:00+00:00,95.3124310140874
2020-01-02 01:34:00+00:00,95.14279175052016
2020-01-02 01:35:00+00:00,95.1844771165355
2020-01-02 01:36:00+00:00,95.3404051603606
2020-01-02 01:37:00+00:00,95.166253362802
2020-01-02 01:38:00+00:00,94.8193207476985
2020-01-02 01:39:00+00:00,95.0308036358681
2020-01-02 01:40:00+00:00,94.80780013174372
2020-01-02 01:41:00+00:00,94.7034873570414
2020-01-02 01:42:00+00:00,94.85067936286411
2020-01-02 01:43:00+00:00,94.66984255998496
2020-01-02 01:44:00+00:00,94.86228944582005
2020-01-02 01:45:00+00:00,94.72966420369862
2020-01-02 01:46:00+00:00,94.57332928684063
2020-01-02 01:47:00+00:00,94.34555616274132
2020-01-02 01:48:00+00:00,94.21328268921637
2020-01-02 01:49:00+00:00,94.3337506972448
2020-01-02 01:50:00+00:00,94.22716609766537
2020-01-02 01:51:00+00:00,94.44202384596649
2020-01-02 01:52:00+00:00,94.4510857690411
2020-01-02 01:53:00+00:00,94.47781856754956
2020-01-02 01:54:00+00:00,94.31232219510733
2020-01-02 01:55:00+00:00,94.55850077982959
2020-01-02 01:56:00+00:00,94.71789337447095
2020-01-02 01:57:00+00:00,94.87048698328293
2020-01-02 01:58:00+00:00,94.83928747410332
2020-01-02 01:59:00+00:00,94.58540994326911
2020-01-02 02:00:00+00:00,94.62291104963164
2020-01-02 02:01:00+00:00,94.73325741283136
2020-01-02 02:02:00+00:00,94.84525226471938
2020-01-02 02:03:00+00:00,94.92781164651409
2020-01-02 02:04:00+00:00,95.00174244867223
2020-01-02 02:05:00+00:00,94.86803809624095
2020-01-02 02:06:00+00:00,94.74458865498706
2020-01-02 02:07:00+00:00,94.5228707288824
2020-01-02 02:08:00+00:00,94.7338568672103
2020-01-02 02:09:00+00:00,95.12458800273669
2020-01-02 02:10:00+00:00,95.7248780585737
2020-01-02 02:11:00+00:00,95.77530523972698
2020-01-02 02:12:00+00:00,95.84865170550313
2020-01-02 02:13:00+00:00,95.82619215332664
2020-01-02 02:14:00+00:00,95.87380616899064
2020-01-02 02:15:00+00:00,95.69385421802527
2020-01-02 02:16:00+00:00,95.66744335657538
2020-01-02 02:17:00+00:00,95.51483224440443
2020-01-02 02:18:00+00:00,95.46215017828584
2020-01-02 02:19:00+00:00,95.32180329599284
2020-01-02 02:20:00+00:00,95.43088460488282
2020-01-02 02:21:00+00:00,95.56575636093734
2020-01-02 02:22:00+00:00,95.633592631884
2020-01-02 02:23:00+00:00,95.5100589826175
2020-01-02 02:24:00+00:00,95.27330258120588
2020-01-02 02:25:00+00:00,95.41077416840463
2020-01-02 02:26:00+00:00,95.41864193208939
2020-01-02 02:27:00+00:00,95.0668625467851
2020-01-02 02:28:00+00:00,95.10220141316354
2020-01-02 02:29:00+00:00,95.17794335351488
2020-01-02 02:30:00+00:00,94.87918137113284
2020-01-02 02:31:00+00:00,94.99164181981679
2020-01-02 02:32:00+00:00,94.7198297893428
2020-01-02 02:33:00+00:00,94.576184984145
2020-01-02 02:34:00+00:00,94.30738895496809
2020-01-02 02:35:00+00:00,94.1446016537932
2020-01-02 02:36:00+00:00,93.91282887994707
2020-01-02 02:37:00+00:00,94.11926488522552
2020-01-02 02:38:00+00:00,94.07876891795279
2020-01-02 02:39:00+00:00,93.99659288296411
2020-01-02 02:40:00+00:00,94.2248753032971
2020-01-02 02:41:00+00:00,94.44108014106814
2020-01-02 02:42:00+00:00,94.3741473207069
2020-01-02 02:43:00+00:00,94.43652237917486
2020-01-02 02:44:00+00:00,94.32956449882268
2020-01-02 02:45:00+00:00,94.3176591944185
2020-01-02 02:46:00+00:00,94.11961284279019
2020-01-02 02:47:00+00:00,94.20986009610158
2020-01-02 02:48:00+00:00,94.4453253637606
2020-01-02 02:49:00+00:00,94.64375991708273
2020-01-02 02:50:00+00:00,94.66079054360934
2020-01-02 02:51:00+00:00,94.29060743051073
2020-01-02 02:52:00+00:00,94.17270398420439
2020-01-02 02:53:00+00:00,94.16020273991619
2020-01-02 02:54:00+00:00,93.87175272485099
2020-01-02 02:55:00+00:00,94.17054540620066
2020-01-02 02:56:00+00:00,94.34354436165916
2020-01-02 02:57:00+00:00,94.45193683896942
2020-01-02 02:58:00+00:00,94.59976623618356
2020-01-02 02:59:00+00:00,94.36998347287576
2020-01-02 03:00:00+00:00,94.19970700915366
2020-01-02 03:01:00+00:00,94.250976920041
2020-01-02 03:02:00+00:00,94.3177129132446
2020-01-02 03:03:00+00:00,94.05053849803589
2020-01-02 03:04:00+00:00,94.08730013750635
2020-01-02 03:05:00+00:00,94.07842050965654
2020-01-02 03:06:00+00:00,94.27148016878797
2020-01-02 03:07:00+00:00,94.33963260759032
2020-01-02 03:08:00+00:00,94.66749266955402
2020-01-02 03:09:00+00:00,94.60007347368231
2020-01-02 03:10:00+00:00,94.38362160009652
2020-01-02 03:11:00+00:00,94.70181964636227
2020-01-02 03:12:00+00:00,94.77975875860719
2020-01-02 03:13:00+00:00,94.77193289113849
2020-01-02 03:14:00+00:00,94.60831181582707
2020-01-02 03:15:00+00:00,94.54300292665668
2020-01-02 03:16:00+00:00,94.46800057424595
2020-01-02 03:17:00+00:00,94.24089092094157
2020-01-02 03:18:00+00:00,93.81844364301026
2020-01-02 03:19:00+00:00,93.7386628612765
2020-01-02 03:20:00+00:00,93.89347150309877
2020-01-02 03:21:00+00:00,94.15615193766615
2020-01-02 03:22:00+00:00,94.3596981362856
2020-01-02 03:23:00+00:00,94.57776259072027
2020-01-02 03:24:00+00:00,94.36959495246575
2020-01-02 03:25:00+00:00,94.42536743803566
2020-01-02 03:26:00+00:00,94.53652773859773
2020-01-02 03:27:00+00:00,94.66090257198132
2020-01-02 03:28:00+00:00,94.64872359751827
2020-01-02 03:29:00+00:00,94.67891601211946
2020-01-02 03:30:00+00:00,95.08967085181146
2020-01-02 03:31:00+00:00,95.2849897062998
2020-01-02 03:32:00+00:00,95.39065883594715
2020-01-02 03:33:00+00:00,95.53457472094316
2020-01-02 03:34:00+00:00,95.44364683308527
2020-01-02 03:35:00+00:00,95.57594004239043
2020-01-02 03:36:00+00:00,95.60402923555813
2020-01-02 03:37:00+00:00,95.78007585884153
2020-01-02 03:38:00+00:00,95.6442349297774
2020-01-02 03:39:00+00:00,95.80164153256467
2020-01-02 03:40:00+00:00,95.73744000694775
2020-01-02 03:41:00+00:00,95.89621390669927
2020-01-02 03:42:00+00:00,95.95420952138343
2020-01-02 03:43:00+00:00,95.96728782954972
2020-01-02 03:44:00+00:00,95.91409333742418
2020-01-02 03:45:00+00:00,95.90708740855365
2020-01-02 03:46:00+00:00,95.82599949569638
2020-01-02 03:47:00+00:00,95.76904893013844
2020-01-02 03:48:00+00:00,95.8673185818122
2020-01-02 03:49:00+00:00,95.53899742711745
2020-01-02 03:50:00+00:00,95.69228722060134
2020-01-02 03:51:00+00:00,95.85077767666833
2020-01-02 03:52:00+00:00,95.80336939335355
2020-01-02 03:53:00+00:00,95.8394100566958
2020-01-02 03:54:00+00:00,95.65392120442728
2020-01-02 03:55:00+00:00,95.73829745858268
2020-01-02 03:56:00+00:00,95.5765803913557
2020-01-02 03:57:00+00:00,95.03821934931612
2020-01-02 03:58:00+00:00,94.93432636282286
2020-01-02 03:59:00+00:00,94.96719519530663
2020-01-02 04:00:00+00:00,94.52294839501538
2020-01-02 04:01:00+00:00,94.34201003898858
2020-01-02 04:02:00+00:00,94.0934501745191
2020-01-02 04:03:00+00:00,94.03903011615182
2020-01-02 04:04:00+00:00,94.06288142984384
2020-01-02 04:05:00+00:00,93.77092852225253
2020-01-02 04:06:00+00:00,93.65942203223531
2020-01-02 04:07:00+00:00,93.54426981440535
2020-01-02 04:08:00+00:00,93.49152677100317
2020-01-02 04:09:00+00:00,93.43891914086161
2020-01-02 04:10:00+00:00,93.50005495942379
2020-01-02 04:11:00+00:00,93.37282394608303
2020-01-02 04:12:00+00:00,93.45330250116591
2020-01-02 04:13:00+00:00,93.35945130254967
2020-01-02 04:14:00+00:00,93.26302377012685
2020-01-02 04:15:00+00:00,92.93683596950056
2020-01-02 04:16:00+00:00,92.73951667395288
2020-01-02 04:17:00+00:00,92.85253602181055
2020-01-02 04:18:00+00:00,92.80352204910444
2020-01-02 04:19:00+00:00,92.70948201424723
2020-01-02 04:20:00+00:00,92.86588927575771
2020-01-02 04:21:00+00:00,93.06558772079747
2020-01-02 04:22:00+00:00,92.82704369795186
2020-01-02 04:23:00+00:00,93.1464836870234
2020-01-02 04:24:00+00:00,93.13878055577511
2020-01-02 04:25:00+00:00,92.74809404307672
2020-01-02 04:26:00+00:00,92.67953409357041
2020-01-02 04:27:00+00:00,92.69211740360083
2020-01-02 04:28:00+00:00,92.87247371270574
2020-01-02 04:29:00+00:00,93.10611718106742
2020-01-02 04:30:00+00:00,93.08431941449588
2020-01-02 04:31:00+00:00,92.89905988540318
2020-01-02 04:32:00+00:00,92.9714959852677
2020-01-02 04:33:00+00:00,93.07255179603435
2020-01-02 04:34:00+00:00,93.22689414150469
2020-01-02 04:35:00+00:00,93.50297600114183
2020-01-02 04:36:00+00:00,93.52399572263728
2020-01-02 04:37:00+00:00,93.62775837192446
2020-01-02 04:38:00+00:00,93.64749546053442
2020-01-02 04:39:00+00:00,94.02572754241201
2020-01-02 04:40:00+00:00,94.03498914986982
2020-01-02 04:41:00+00:00,93.96117838164434
2020-01-02 04:42:00+00:00,93.89602738067568
2020-01-02 04:43:00+00:00,94.0892902023054
2020-01-02 04:44:00+00:00,94.08184520005543
2020-01-02 04:45:00+00:00,94.22184266918778
2020-01-02 04:46:00+00:00,94.36698782492115
2020-01-02 04:47:00+00:00,94.19570655046701
2020-01-02 04:48:00+00:00,94.0061850499732
2020-01-02 04:49:00+00:00,94.16046939961865
2020-01-02 04:50:00+00:00,93.88030503902918
2020-01-02 04:51:00+00:00,93.60586982107908
2020-01-02 04:52:00+00:00,94.01502416035149
2020-01-02 04:53:00+00:00,93.63711653679917
2020-01-02 04:54:00+00:00,93.8246394769968
2020-01-02 04:55:00+00:00,93.76346606109313
2020-01-02 04:56:00+00:00,93.8748290914694
2020-01-02 04:57:00+00:00,93.9991006076152
2020-01-02 04:58:00+00:00,93.95319636731553
2020-01-02 04:59:00+00:00,93.95699505218312
2020-01-02 05:00:00+00:00,94.1402557201725
2020-01-02 05:01:00+00:00,94.41117637820628
2020-01-02 05:02:00+00:00,94.6354520381167
2020-01-02 05:03:00+00:00,94.69054633043557
2020-01-02 05:04:00+00:00,94.64165571232289
2020-01-02 05:05:00+00:00,94.4443811177383
2020-01-02 05:06:00+00:00,94.49394724194158
2020-01-02 05:07:00+00:00,94.48531737228205
2020-01-02 05:08:00+00:00,94.70874536651989
2020-01-02 05:09:00+00:00,94.83138614320966
2020-01-02 05:10:00+00:00,95.10311961956485
2020-01-02 05:11:00+00:00,94.85885248919092
2020-01-02 05:12:00+00:00,95.19508651384038
2020-01-02 05:13:00+00:00,95.28608330868822
2020-01-02 05:14:00+00:00,95.07605945666386
2020-01-02 05:15:00+00:00,94.79519479021023
2020-01-02 05:16:00+00:00,95.01150559279526
2020-01-02 05:17:00+00:00,94.9504916381739
2020-01-02 05:18:00+00:00,94.93849534985401
2020-01-02 05:19:00+00:00,95.06871411101528
2020-01-02 05:20:00+00:00,95.07671183163049
2020-01-02 05:21:00+00:00,94.764275516158
2020-01-02 05:22:00+00:00,95.07367337109913
2020-01-02 05:23:00+00:00,94.81348624294576
2020-01-02 05:24:00+00:00,94.791309573199
2020-01-02 05:25:00+00:00,94.75412393446649
2020-01-02 05:26:00+00:00,94.82454753383564
2020-01-02 05:27:00+00:00,94.55838305765542
2020-01-02 05:28:00+00:00,94.49167386723347
2020-01-02 05:29:00+00:00,94.32961845583336
2020-01-02 05:30:00+00:00,94.39923154639209
2020-01-02 05:31:00+00:00,94.47880682700558
2020-01-02 05:32:00+00:00,94.35181033979784
2020-01-02 05:33:00+00:00,94.5587611813443
2020-01-02 05:34:00+00:00,94.6710646666038
2020-01-02 05:35:00+00:00,94.43728037963427
2020-01-02 05:36:00+00:00,94.1012368242142
2020-01-02 05:37:00+00:00,94.05144038884617
2020-01-02 05:38:00+00:00,94.13173929052962
2020-01-02 05:39:00+00:00,93.9701975471966
2020-01-02 05:40:00+00:00,93.99232867452805
2020-01-02 05:41:00+00:00,93.95902008993701
2020-01-02 05:42:00+00:00,94.29013933390597
2020-01-02 05:43:00+00:00,94.0551155321269
2020-01-02 05:44:00+00:00,94.22255805958483
2020-01-02 05:45:00+00:00,94.37719204382661
2020-01-02 05:46:00+00:00,94.3629753160107
2020-01-02 05:47:00+00:00,93.99176477409678
2020-01-02 05:48:00+00:00,94.02793253261504
2020-01-02 05:49:00+00:00,93.76879762911479
2020-01-02 05:50:00+00:00,94.16660999200141
2020-01-02 05:51:00+00:00,94.15472697822544
2020-01-02 05:52:00+00:00,94.54536851487833
2020-01-02 05:53:00+00:00,94.58461457543305
2020-01-02 05:54:00+00:00,94.47897728565115
2020-01-02 05:55:00+00:00,94.73754174752904
2020-01-02 05:56:00+00:00,94.82458245780863
2020-01-02 05:57:00+00:00,95.30830674548623
2020-01-02 05:58:00+00:00,95.19763150864591
2020-01-02 05:59:00+00:00,95.47108094470883
2020-01-02 06:00:00+00:00,95.9473967116244
2020-01-02 06:01:00+00:00,96.2375222374667
2020-01-02 06:02:00+00:00,96.39717322537432
2020-01-02 06:03:00+00:00,96.69108161761584
2020-01-02 06:04:00+00:00,96.68328034566251
2020-01-02 06:05:00+00:00,96.53013964135
2020-01-02 06:06:00+00:00,96.43772751924698
2020-01-02 06:07:00+00:00,96.61141590052176
2020-01-02 06:08:00+00:00,96.46949758191901
2020-01-02 06:09:00+00:00,96.4160497131203
2020-01-02 06:10:00+00:00,96.2904111987085
2020-01-02 06:11:00+00:00,96.50131742146692
2020-01-02 06:12:00+00:00,96.90513642517395
2020-01-02 06:13:00+00:00,96.7213064856566
2020-01-02 06:14:00+00:00,96.84703671646231
2020-01-02 06:15:00+00:00,97.08466901906753
2020-01-02 06:16:00+00:00,97.05927391248761
2020-01-02 06:17:00+00:00,96.80357874373952
2020-01-02 06:18:00+00:00,97.06700746178208
2020-01-02 06:19:00+00:00,96.80305256617511
2020-01-02 06:20:00+00:00,97.1321798986631
2020-01-02 06:21:00+00:00,97.00490667973189
2020-01-02 06:22:00+00:00,96.7165057868582
2020-01-02 06:23:00+00:00,96.639412813461
2020-01-02 06:24:00+00:00,96.64960042186806
2020-01-02 06:25:00+00:00,96.70057311881123
2020-01-02 06:26:00+00:00,96.84361520161023
2020-01-02 06:27:00+00:00,96.91279812878051
2020-01-02 06:28:00+00:00,97.29252178661713
2020-01-02 06:29:00+00:00,97.29337856708288
2020-01-02 06:30:00+00:00,97.37286292070976
2020-01-02 06:31:00+00:00,97.43486682741597
2020-01-02 06:32:00+00:00,97.1254471331011
2020-01-02 06:33:00+00:00,96.91235425864022
2020-01-02 06:34:00+00:00,96.93909216255128
2020-01-02 06:35:00+00:00,97.04177446654481
2020-01-02 06:36:00+00:00,96.66624061236614
2020-01-02 06:37:00+00:00,97.05207261512894
2020-01-02 06:38:00+00:00,97.17214837716692
2020-01-02 06:39:00+00:00,97.18780931314042
2020-01-02 06:40:00+00:00,97.29812073602734
2020-01-02 06:41:00+00:00,97.2105900444946
2020-01-02 06:42:00+00:00,97.26301910313092
2020-01-02 06:43:00+00:00,97.34715615129377
2020-01-02 06:44:00+00:00,97.61829200934926
2020-01-02 06:45:00+00:00,97.601088590438
2020-01-02 06:46:00+00:00,97.33276583631077
2020-01-02 06:47:00+00:00,97.17210304941636
2020-01-02 06:48:00+00:00,97.13846897079038
2020-01-02 06:49:00+00:00,96.88910995239144
2020-01-02 06:50:00+00:00,96.70958337753565
2020-01-02 06:51:00+00:00,96.55262312159181
2020-01-02 06:52:00+00:00,96.50615229666032
2020-01-02 06:53:00+00:00,96.62500233884488
2020-01-02 06:54:00+00:00,96.56992802104163
2020-01-02 06:55:00+00:00,96.70184326180464
2020-01-02 06:56:00+00:00,96.7176716217285
2020-01-02 06:57:00+00:00,96.54877180578153
2020-01-02 06:58:00+00:00,96.63605329199312
2020-01-02 06:59:00+00:00,96.69101890644316
2020-01-02 07:00:00+00:00,96.82648184844952
2020-01-02 07:01:00+00:00,97.0043346558289
2020-01-02 07:02:00+00:00,97.27390350402068
2020-01-02 07:03:00+00:00,97.39641449818768
2020-01-02 07:04:00+00:00,97.4440863712052
2020-01-02 07:05:00+00:00,97.57956655037982
2020-01-02 07:06:00+00:00,97.5056054488962
2020-01-02 07:07:00+00:00,97.41822588046485
2020-01-02 07:08:00+00:00,97.72020183123847
2020-01-02 07:09:00+00:00,97.62748172195967
2020-01-02 07:10:00+00:00,97.47825624929712
2020-01-02 07:11:00+00:00,97.60385616502315
2020-01-02 07:12:00+00:00,97.52948996503046
2020-01-02 07:13:00+00:00,97.71366353219236
2020-01-02 07:14:00+00:00,97.97999089146145
2020-01-02 07:15:00+00:00,97.85103422335396
2020-01-02 07:16:00+00:00,98.00480805025377
2020-01-02 07:17:00+00:00,97.90452502673388
2020-01-02 07:18:00+00:00,97.64966439977752
2020-01-02 07:19:00+00:00,97.29406463090298
2020-01-02 07:20:00+00:00,97.44455762635269
2020-01-02 07:21:00+00:00,97.56117146181865
2020-01-02 07:22:00+00:00,97.79106248272484
2020-01-02 07:23:00+00:00,97.87903282166548
2020-01-02 07:24:00+00:00,98.02743016127198
2020-01-02 07:25:00+00:00,97.76267204524962
2020-01-02 07:26:00+00:00,97.86981034016733
2020-01-02 07:27:00+00:00,97.68556593277849
2020-01-02 07:28:00+00:00,97.77615439791347
2020-01-02 07:29:00+00:00,97.4077635002515
2020-01-02 07:30:00+00:00,97.04858792156178
2020-01-02 07:31:00+00:00,97.31106255924477
2020-01-02 07:32:00+00:00,97.07243067949588
2020-01-02 07:33:00+00:00,97.08075189841601
2020-01-02 07:34:00+00:00,96.98359181287275
2020-01-02 07:35:00+00:00,97.28835177191165
2020-01-02 07:36:00+00:00,97.43024846296787
2020-01-02 07:37:00+00:00,97.39634677858425
2020-01-02 07:38:00+00:00,97.18581320266908
2020-01-02 07:39:00+00:00,97.17586334457526
2020-01-02 07:40:00+00:00,97.02736761566211
2020-01-02 07:41:00+00:00,97.08673666268608
2020-01-02 07:42:00+00:00,96.56926752817084
2020-01-02 07:43:00+00:00,96.60056956522187
2020-01-02 07:44:00+00:00,96.67945662964561
2020-01-02 07:45:00+00:00,96.62011980743577
2020-01-02 07:46:00+00:00,96.57247308744294
2020-01-02 07:47:00+00:00,96.42998859341024
2020-01-02 07:48:00+00:00,96.465410103145
2020-01-02 07:49:00+00:00,96.40692936863826
2020-01-02 07:50:00+00:00,96.64753979885951
2020-01-02 07:51:00+00:00,96.60662716143794
2020-01-02 07:52:00+00:00,96.55719076610059
2020-01-02 07:53:00+00:00,96.60187738691977
2020-01-02 07:54:00+00:00,96.38552830470499
2020-01-02 07:55:00+00:00,96.79898972331674
2020-01-02 07:56:00+00:00,96.6501900145861
2020-01-02 07:57:00+00:00,96.70466173939026
2020-01-02 07:58:00+00:00,96.67802010419202
2020-01-02 07:59:00+00:00,96.64544248249328
2020-01-02 08:00:00+00:00,96.62844731396696
2020-01-02 08:01:00+00:00,96.98511812383053
2020-01-02 08:02:00+00:00,96.53840176092652
2020-01-02 08:03:00+00:00,97.0594704635717
2020-01-02 08:04:00+00:00,96.90473217157647
2020-01-02 08:05:00+00:00,96.76355818139494
2020-01-02 08:06:00+00:00,96.69693042312865
2020-01-02 08:07:00+00:00,96.34198847637327
2020-01-02 08:08:00+00:00,96.3439527199964
2020-01-02 08:09:00+00:00,96.41876561931643
2020-01-02 08:10:00+00:00,96.55489503031326
2020-01-02 08:11:00+00:00,96.87019387785656
2020-01-02 08:12:00+00:00,96.65832353076131
2020-01-02 08:13:00+00:00,96.98015975912885
2020-01-02 08:14:00+00:00,97.08877589511407
2020-01-02 08:15:00+00:00,96.89224602466233
2020-01-02 08:16:00+00:00,96.66128601636495
2020-01-02 08:17:00+00:00,96.73821127431164
2020-01-02 08:18:00+00:00,96.79967891426286
2020-01-02 08:19:00+00:00,96.85704475349894
2020-01-02 08:20:00+00:00,97.12905078948164
2020-01-02 08:21:00+00:00,97.36763384496973
2020-01-02 08:22:00+00:00,97.37848833601458
2020-01-02 08:23:00+00:00,97.29836037695082
2020-01-02 08:24:00+00:00,97.15858014304428
2020-01-02 08:25:00+00:00,96.88565023627443
2020-01-02 08:26:00+00:00,96.67892833841314
2020-01-02 08:27:00+00:00,96.36735966063225
2020-01-02 08:28:00+00:00,96.71860533768525
2020-01-02 08:29:00+00:00,96.78162636862562
2020-01-02 08:30:00+00:00,96.91165261378161
2020-01-02 08:31:00+00:00,96.86594562133482
2020-01-02 08:32:00+00:00,97.3549954788784
2020-01-02 08:33:00+00:00,97.14355704395409
2020-01-02 08:34:00+00:00,96.84161574525217
2020-01-02 08:35:00+00:00,97.33345260279395
2020-01-02 08:36:00+00:00,97.06587418039697
2020-01-02 08:37:00+00:00,97.01580297103445
2020-01-02 08:38:00+00:00,96.88295545844855
2020-01-02 08:39:00+00:00,96.96309387845838
2020-01-02 08:40:00+00:00,96.89927043328984
2020-01-02 08:41:00+00:00,97.0341473737942
2020-01-02 08:42:00+00:00,97.21304247865362
2020-01-02 08:43:00+00:00,96.92688070211703
2020-01-02 08:44:00+00:00,96.77420712029938
2020-01-02 08:45:00+00:00,96.92720739649904
2020-01-02 08:46:00+00:00,97.14936499710383
2020-01-02 08:47:00+00:00,97.19143274990493
2020-01-02 08:48:00+00:00,97.28658226560488
2020-01-02 08:49:00+00:00,97.58498714862517
2020-01-02 08:50:00+00:00,97.52396584712693
2020-01-02 08:51:00+00:00,97.6650651928763
2020-01-02 08:52:00+00:00,97.65486000443222
2020-01-02 08:53:00+00:00,97.25625757287102
2020-01-02 08:54:00+00:00,97.24821902973851
2020-01-02 08:55:00+00:00,97.72706020956211
2020-01-02 08:56:00+00:00,97.64556191064707
2020-01-02 08:57:00+00:00,97.24913035734875
2020-01-02 08:58:00+00:00,97.44353769327198
2020-01-02 08:59:00+00:00,97.2798461633673
2020-01-02 09:00:00+00:00,97.54609136889802
2020-01-02 09:01:00+00:00,97.45582357703175
2020-01-02 09:02:00+00:00,97.29735860674839
2020-01-02 09:03:00+00:00,97.09145913754679
2020-01-02 09:04:00+00:00,96.88819371082758
2020-01-02 09:05:00+00:00,96.93159931287997
2020-01-02 09:06:00+00:00,97.26696268846734
2020-01-02 09:07:00+00:00,97.32541054097861
2020-01-02 09:08:00+00:00,97.27552597532957
2020-01-02 09:09:00+00:00,97.42793204554373
2020-01-02 09:10:00+00:00,97.37786345724665
2020-01-02 09:11:00+00:00,97.11147424781163
2020-01-02 09:12:00+00:00,96.99050499414592
2020-01-02 09:13:00+00:00,97.07636441262707
2020-01-02 09:14:00+00:00,96.89844640003885
2020-01-02 09:15:00+00:00,96.6971818088646
2020-01-02 09:16:00+00:00,96.56365914994385
2020-01-02 09:17:00+00:00,96.43274355070716
2020-01-02 09:18:00+00:00,96.38527171509126
2020-01-02 09:19:00+00:00,96.14375035738463
