ts,A,B,C,D
2019-01-01 00:00:00+00:00,99.84734161435337,100.28056779657312,99.88454125567512,99.76970306914342
2019-01-02 00:00:00+00:00,100.24222236126262,100.62358463794733,99.61803131905177,99.6671287425338
2019-01-03 00:00:00+00:00,100.3377824091454,101.18727405068283,99.51038662475553,99.6322353741554
2019-01-04 00:00:00+00:00,100.72590047127098,101.51998463842096,100.05521341854994,99.56320052616113
2019-01-05 00:00:00+00:00,100.37976992543541,101.46532746018227,100.59973218067474,99.32796444862758
2019-01-06 00:00:00+00:00,100.39713659644974,101.76230150728618,100.54383889608523,99.11158797436536
2019-01-07 00:00:00+00:00,100.64961642836334,101.67055611382811,100.47941743845071,98.99459876046807
2019-01-08 00:00:00+00:00,100.88566630223576,101.75553473159881,100.68547423348414,98.6342273290364
2019-01-09 00:00:00+00:00,101.24468521197196,101.84145796679402,100.53649708726118,98.43775547690858
2019-01-10 00:00:00+00:00,101.12331687600685,101.75203941915535,100.24234425663813,98.11215745905582
2019-01-11 00:00:00+00:00,101.17180847560168,101.7616213558307,100.25845616634872,98.3328909464513
2019-01-12 00:00:00+00:00,100.42372959545864,101.79432860805342,100.21854576476102,98.43923615566518
2019-01-13 00:00:00+00:00,100.19275773215337,102.15791973240376,100.65306974635158,98.66709034070408
2019-01-14 00:00:00+00:00,100.26213573307163,102.29118788322033,100.96552577609751,98.76758247967781
2019-01-15 00:00:00+00:00,100.20800834932115,103.04486176952712,101.13620103217256,99.2019190161319
2019-01-16 00:00:00+00:00,100.43935892871166,103.60896546885677,101.31591513083217,99.40953425424065
2019-01-17 00:00:00+00:00,100.51990472388667,103.79393715690337,101.49502338101442,99.67916447764962
2019-01-18 00:00:00+00:00,100.594651196972,103.76136022911787,101.81035769690457,99.2272067717865
2019-01-19 00:00:00+00:00,100.35318791765533,103.84092854832662,101.52339540453359,98.77074749613168
2019-01-20 00:00:00+00:00,100.12576701745328,104.04492260463502,101.86207229317885,98.79492460839325
2019-01-21 00:00:00+00:00,100.18103139193057,104.23681567560938,101.32807587087117,98.81275096734213
2019-01-22 00:00:00+00:00,100.41031403170062,104.14502014555202,101.50554568017402,98.93034673815941
2019-01-23 00:00:00+00:00,100.57046640052936,104.14909401918781,101.90563372298553,99.1303462957979
2019-01-24 00:00:00+00:00,100.90009051668366,104.23886376490465,102.01895331497808,98.93666596598452
2019-01-25 00:00:00+00:00,101.2066357718673,105.11227618105995,102.02445155552954,98.8444884486264
2019-01-26 00:00:00+00:00,101.48635786068155,105.44933198775131,102.21661998264426,99.17895324253968
2019-01-27 00:00:00+00:00,101.53587117807649,105.16750337783377,102.34549108029535,99.21563517425784
2019-01-28 00:00:00+00:00,101.45772227647923,105.3145558586299,102.23422604217485,99.24683583162894
2019-01-29 00:00:00+00:00,101.51237367306412,104.87501430447533,102.03537781671837,99.0640361279494
2019-01-30 00:00:00+00:00,101.60561374006701,104.99105850858264,101.85115472605371,99.46525493591248
2019-01-31 00:00:00+00:00,101.23439302430954,104.90576586726394,101.92871244759368,99.19670751674326
2019-02-01 00:00:00+00:00,100.55076351241496,105.12917059105757,101.52030569092692,99.25775148523272
2019-02-02 00:00:00+00:00,100.77946231231624,105.61546705447505,101.79373485456047,99.01888568979663
2019-02-03 00:00:00+00:00,100.87380467467187,105.84306631871793,101.3500005930432,98.31962908414056
2019-02-04 00:00:00+00:00,100.8710759083319,105.90589791580867,101.38029161858331,98.31616770319755
2019-02-05 00:00:00+00:00,100.82521312372592,106.1076397057985,101.23848767963739,98.21568968667503
2019-02-06 00:00:00+00:00,100.9612403635042,106.52385528273386,101.14899107462676,98.56642039367495
2019-02-07 00:00:00+00:00,101.1956231472076,106.89841983617951,101.33738225382277,98.89863181079934
2019-02-08 00:00:00+00:00,101.0419470130312,106.80309890326726,101.29541198716583,99.29727743419768
2019-02-09 00:00:00+00:00,101.08476360188713,106.5390988821557,101.37624718136162,99.24631234328815
2019-02-10 00:00:00+00:00,101.46213101794645,106.76727659212303,101.28939277536853,99.28189489489473
2019-02-11 00:00:00+00:00,101.43930642804452,106.2074202968684,100.68166188769125,99.11676453506207
2019-02-12 00:00:00+00:00,101.55123421925366,106.81591128593638,100.32416076114275,99.81737012525704
2019-02-13 00:00:00+00:00,101.73072261779673,106.56291976251286,99.94236575850606,99.68497615686259
2019-02-14 00:00:00+00:00,101.82067269022329,106.8257176789091,100.07759554991699,99.92683405225124
2019-02-15 00:00:00+00:00,101.4978326244673,106.71179175715213,100.03539747851904,99.41954631920616
2019-02-16 00:00:00+00:00,101.82648942199981,106.30568158091761,99.75578893214853,98.88646407034837
2019-02-17 00:00:00+00:00,101.99984710030795,106.33981761609637,99.60522482037207,98.8338976079843
2019-02-18 00:00:00+00:00,102.32523096017293,106.50656938877819,100.07565990707765,98.83791562091032
2019-02-19 00:00:00+00:00,102.37582837003644,106.08346365683451,99.67976624978957,98.22247605551698
2019-02-20 00:00:00+00:00,102.44120551278334,106.3804466717256,99.80015805945371,98.68610088143366
2019-02-21 00:00:00+00:00,102.25881643077514,106.41831583200968,99.98736250932323,98.98745288628217
2019-02-22 00:00:00+00:00,102.4307639499346,106.40774139651062,99.62279769045213,99.26298312089469
2019-02-23 00:00:00+00:00,102.4509004411679,106.87911759479483,99.55949884495871,99.31721454782115
2019-02-24 00:00:00+00:00,102.69503343902751,106.43582544054162,99.10043143416101,99.47888281543031
2019-02-25 00:00:00+00:00,102.50481076035703,106.79075665891298,99.24155887406924,99.22646564666555
2019-02-26 00:00:00+00:00,102.22463451100668,106.8953238878572,99.01930441823724,99.21672438668624
2019-02-27 00:00:00+00:00,101.85276492655132,106.84815050435341,98.54227751288066,99.15432621307417
2019-02-28 00:00:00+00:00,102.14514070412542,106.19536740644645,98.57499885533038,99.5273030514246
2019-03-01 00:00:00+00:00,102.23939840353738,106.43957567308021,98.63440719850172,99.79995906543931
2019-03-02 00:00:00+00:00,102.04802150257952,106.29717766657036,98.65655201277504,99.56016958479312
2019-03-03 00:00:00+00:00,101.67241218124846,106.67346645862838,98.24741838725924,99.30383822385562
2019-03-04 00:00:00+00:00,102.29370754744784,106.62348428198338,98.66912090642474,99.68965297177665
2019-03-05 00:00:00+00:00,102.27492104000483,106.1935364758697,98.70827717742924,99.43888296949228
2019-03-06 00:00:00+00:00,101.97108776414929,105.89579240707846,98.3428560715029,99.06639549999616
2019-03-07 00:00:00+00:00,101.99386709346003,105.92033909828619,98.83406399064316,99.27049637956361
2019-03-08 00:00:00+00:00,102.3407304501128,106.06585521810604,98.89747118087911,98.91625065607283
2019-03-09 00:00:00+00:00,102.19738128205171,105.91028482249484,98.62366687342784,98.48341585445996
2019-03-10 00:00:00+00:00,101.95596549367447,106.24250734951609,98.56196940032541,98.69495090630339
2019-03-11 00:00:00+00:00,101.89068850822531,106.39927256153504,98.62578462240874,98.79401416086371
2019-03-12 00:00:00+00:00,102.28855426985642,106.22657513840036,98.72754322968804,98.885718053548
2019-03-13 00:00:00+00:00,102.6483597214843,106.77936252381915,98.89479598171278,99.50857296516185
2019-03-14 00:00:00+00:00,103.08928702401127,106.95659340093675,99.06431915504129,99.80111161348007
2019-03-15 00:00:00+00:00,103.07425256471691,106.85218650862528,99.41196792857427,100.23958935479106
2019-03-16 00:00:00+00:00,102.88072269569544,106.87932475668273,99.55475366051904,100.13151505667847
2019-03-17 00:00:00+00:00,102.75938523434934,107.22860921849879,99.45675477378697,100.0336162266762
2019-03-18 00:00:00+00:00,102.60308656151571,107.52952645882569,99.38303789095849,99.73969982920329
2019-03-19 00:00:00+00:00,102.61572668379526,107.78515957419611,99.6679953338183,99.82156708149931
2019-03-20 00:00:00+00:00,102.86641943417723,107.54377870403864,99.74070957468334,99.94398493187028
2019-03-21 00:00:00+00:00,102.64813254039608,107.26658738699652,99.24859838526409,99.76079351447619
2019-03-22 00:00:00+00:00,102.38791938017052,107.07459210272762,98.90750837367098,99.69177961222435
2019-03-23 00:00:00+00:00,102.19217624819792,107.5868255691741,98.7380933188839,99.9448708992585
2019-03-24 00:00:00+00:00,102.5480146247057,107.76344527759431,98.91792251488839,100.19471991824354
2019-03-25 00:00:00+00:00,102.63087146888125,107.92453464819738,99.2888296029761,100.34123730322403
2019-03-26 00:00:00+00:00,102.79533242288743,107.44084207362633,98.82774793559672,100.249252809825
2019-03-27 00:00:00+00:00,102.43791624083693,106.78518935836992,98.38548774859291,100.04320355625609
2019-03-28 00:00:00+00:00,102.21411771298591,106.6601353569194,97.89325705275878,99.69376162162366
2019-03-29 00:00:00+00:00,102.51641979006558,106.77210581084157,97.83505284017347,99.44731440098336
2019-03-30 00:00:00+00:00,102.66381165547061,106.86081643438055,97.71863988788303,99.64027729456664
2019-03-31 00:00:00+00:00,102.95930846579665,106.95815681000438,97.89660863282657,99.75481964675377
2019-04-01 00:00:00+00:00,103.33563268990346,107.04068728946635,97.56232953888349,99.80978067610417
2019-04-02 00:00:00+00:00,103.54155081950438,107.1151450957564,97.65855475407136,99.85438377662732
2019-04-03 00:00:00+00:00,103.43324040115499,107.28616930121007,97.54757133593333,99.51445601027264
2019-04-04 00:00:00+00:00,103.38852237254422,107.17580665868552,97.78918770692388,99.52715823053128
2019-04-05 00:00:00+00:00,103.60693278434958,106.97386402689725,97.92383048183947,99.73718789750033
2019-04-06 00:00:00+00:00,104.08992818006097,106.76452567294093,97.62345429795629,99.37213792555684
2019-04-07 00:00:00+00:00,104.25151194126212,107.07614802344075,97.26369070998896,99.4565969436923
2019-04-08 00:00:00+00:00,104.10471399284943,106.32105586903755,97.42606213269976,99.08417125829138
2019-04-09 00:00:00+00:00,104.23927069892774,106.23815823512399,97.38006844142609,99.30894178199513
2019-04-10 00:00:00+00:00,104.44095836280444,106.32782507086122,97.14943919934053,99.41442094946613
2019-04-11 00:00:00+00:00,104.33696253581833,105.8911336136595,96.87487622873891,99.58353438302527
2019-04-12 00:00:00+00:00,104.70188993680634,106.48993510460085,97.05243844197085,99.96266563776105
2019-04-13 00:00:00+00:00,104.95955070857053,106.40887282356165,97.06653714948608,100.30537962534301
2019-04-14 00:00:00+00:00,105.46216181601433,106.34609636053912,96.77365890747419,100.06666433790313
2019-04-15 00:00:00+00:00,105.83609398539443,106.10672217086325,96.68623281497104,100.25307913840557
2019-04-16 00:00:00+00:00,105.95801496972135,105.98297909747195,96.6101573962432,100.21575314065919
2019-04-17 00:00:00+00:00,105.77068621149915,105.92697409212343,96.85455515604913,100.20965168999328
2019-04-18 00:00:00+00:00,105.69240175224604,106.040598146267,96.89709712326406,100.41320578181575
2019-04-19 00:00:00+00:00,106.04771110618319,105.98449442970575,96.75957230128229,100.28184693983955
2019-04-20 00:00:00+00:00,106.55996903544208,105.92333573798611,96.65143218172085,100.50697796160911
2019-04-21 00:00:00+00:00,107.108981408622,106.22786474415686,96.70730945403697,100.95366013317944
2019-04-22 00:00:00+00:00,107.01639878907619,105.65583851539627,96.72857897127312,100.71620032827018
2019-04-23 00:00:00+00:00,106.98530364655214,105.92432279705719,96.6826468326902,100.95658021932454
2019-04-24 00:00:00+00:00,106.67708933002156,105.73334456789631,96.39665552320466,100.02626713551614
2019-04-25 00:00:00+00:00,106.83290272518092,105.60241324864172,96.57814724349046,100.37173751946784
2019-04-26 00:00:00+00:00,106.40612758456929,105.87689598833197,96.86403067017551,100.19553624050644
2019-04-27 00:00:00+00:00,105.85770363652784,105.43608217358663,96.82351033996807,100.22784589529314
2019-04-28 00:00:00+00:00,105.13916643711025,105.32139441121176,97.22537384190305,100.52622976661794
2019-04-29 00:00:00+00:00,105.0592121741269,105.064222044816,96.88112306338915,100.1949753112965
2019-04-30 00:00:00+00:00,105.11127013518242,105.12725056915939,97.25356063673235,100.37128788743021
2019-05-01 00:00:00+00:00,105.39031736945213,104.91919025897354,97.38450201856398,100.67896645807397
2019-05-02 00:00:00+00:00,105.37647983059449,104.585962230059,97.04543318054345,100.68484733483315
2019-05-03 00:00:00+00:00,105.60314167210113,104.39362388613917,97.40800100066335,100.74132267018379
2019-05-04 00:00:00+00:00,105.59969756601635,104.49421529721464,97.71659314975393,100.77687166280893
2019-05-05 00:00:00+00:00,105.44124170088482,104.26138612404881,97.64414940096263,100.81495257786666
2019-05-06 00:00:00+00:00,105.18672335153545,103.96848800026,97.47370227855609,100.99053843198232
2019-05-07 00:00:00+00:00,105.26217024926179,103.99951455470432,97.33983159852893,101.14237554852623
2019-05-08 00:00:00+00:00,105.28121300880701,104.12007764245585,97.68640975381025,101.01300911367179
2019-05-09 00:00:00+00:00,105.21416928741364,104.28625104355483,97.9970138599111,101.1112476472101
2019-05-10 00:00:00+00:00,105.035678404088,103.90735011228806,97.70533625212043,101.31467301632289
2019-05-11 00:00:00+00:00,104.69915409652495,104.14005385610582,98.00553496518448,101.63253274394494
2019-05-12 00:00:00+00:00,104.62489135865984,104.2661190054982,98.37421758446926,101.75884043321915
2019-05-13 00:00:00+00:00,104.87700394096959,104.5558675503862,98.01070170585567,101.61329479059638
2019-05-14 00:00:00+00:00,105.15651740043191,104.70028388572604,98.24642751660352,101.91385138108377
2019-05-15 00:00:00+00:00,105.27486887331382,104.91690232553482,98.22808429645245,102.15360572172034
2019-05-16 00:00:00+00:00,105.03345349015572,104.4829742793697,98.25966225181828,102.21104299618989
2019-05-17 00:00:00+00:00,104.96010814559992,104.45709405514727,98.49905236907405,102.3282355021334
2019-05-18 00:00:00+00:00,105.40917314884733,104.4586068616106,98.72718827282935,102.69503721693698
2019-05-19 00:00:00+00:00,105.33468124716855,105.01742481998554,99.0509344043719,102.93206245128684
2019-05-20 00:00:00+00:00,105.14954799478052,104.8391506655723,98.99115478714663,103.19668231470558
2019-05-21 00:00:00+00:00,105.28673253265484,104.46980978589697,98.87472831728914,103.19205877488162
2019-05-22 00:00:00+00:00,105.63391138546963,104.35881091870799,98.878517335926,103.18299191779573
2019-05-23 00:00:00+00:00,105.97498173479516,104.16933754965534,98.19064752727239,103.13141128339609
2019-05-24 00:00:00+00:00,105.96595569163202,104.0874972357249,98.06676327048402,102.7644633819793
2019-05-25 00:00:00+00:00,105.84604109833812,103.86406787886492,98.4168531620886,102.95662806395448
2019-05-26 00:00:00+00:00,106.04729044015457,103.7121413334748,98.3478291891448,102.93345425306639
2019-05-27 00:00:00+00:00,106.20124801636815,103.91619426003261,98.03623567120876,103.34817847917874
2019-05-28 00:00:00+00:00,106.31011217553039,103.48528224830137,98.30486229058617,103.28262652555908
2019-05-29 00:00:00+00:00,106.29243278202148,103.7058155130864,98.94390008297246,103.3299570983909
2019-05-30 00:00:00+00:00,106.479295131982,103.93250173421376,98.81366219299512,103.10943495933748
2019-05-31 00:00:00+00:00,107.01509685751071,104.18521269512576,98.9340723757195,103.11266897079125
2019-06-01 00:00:00+00:00,106.50873672943327,103.68932772697077,98.76130653247142,102.79484049157506
2019-06-02 00:00:00+00:00,106.41037217189817,103.19295433265404,98.34965644547063,102.42579842689152
2019-06-03 00:00:00+00:00,106.04209063798902,103.20101088870386,98.2854147518451,102.44512270895147
2019-06-04 00:00:00+00:00,105.97135634294148,103.11994988697776,98.09540494229194,102.51146573168141
2019-06-05 00:00:00+00:00,105.85228414599453,102.6723334709029,97.97423867964095,102.88846796782364
2019-06-06 00:00:00+00:00,106.38416112468505,102.94040789742506,97.68314127339261,103.26001747610218
2019-06-07 00:00:00+00:00,106.56992081068717,103.40844442817789,97.39714917038698,102.9826284511139
2019-06-08 00:00:00+00:00,106.33663301966439,103.28611718089864,97.08614536991678,102.95005454332144
2019-06-09 00:00:00+00:00,106.75876460399444,103.19497087583291,97.07031117557936,103.47950908236966
2019-06-10 00:00:00+00:00,106.14307187995583,103.45322207991123,96.88059754588303,103.14531713136928
2019-06-11 00:00:00+00:00,106.30636543153325,103.5100002649198,97.09136868659779,103.05609351490743
2019-06-12 00:00:00+00:00,106.70803868859073,103.50414182381847,97.22574636787324,102.84046146484962
2019-06-13 00:00:00+00:00,106.80484741071449,103.53528519050784,97.00276459000611,102.97352993242563
2019-06-14 00:00:00+00:00,107.1063846151368,103.1132683751716,96.94537292762534,103.32936249948807
2019-06-15 00:00:00+00:00,107.34080229917141,102.9277165176152,96.84374260868589,103.4535814421051
2019-06-16 00:00:00+00:00,107.33436109836917,103.28509525731519,96.53263103534158,103.30410106509227
2019-06-17 00:00:00+00:00,107.47246542190736,103.03504927952835,96.44312560680082,103.58251819141653
2019-06-18 00:00:00+00:00,106.91798931401979,103.1589080246116,95.93193072950949,103.47859670457325
2019-06-19 00:00:00+00:00,107.09944873375332,103.3377869628513,95.51969072481812,103.16330561640612
2019-06-20 00:00:00+00:00,106.9898846224329,103.16870640296246,95.74881036882523,102.99713242288293
2019-06-21 00:00:00+00:00,107.14992711727739,103.28922480392002,95.66136599537798,103.25264457526151
2019-06-22 00:00:00+00:00,107.11603757624114,103.46315309059395,95.49917659303327,103.66639724221271
2019-06-23 00:00:00+00:00,107.05619676531767,103.9163761848414,95.57458535485509,103.62560858357459
2019-06-24 00:00:00+00:00,107.11496146350765,104.06010578964312,95.79945431668283,103.9396098131696
2019-06-25 00:00:00+00:00,107.0253358159181,104.21430616823856,96.22184231796162,104.30604243550098
2019-06-26 00:00:00+00:00,107.11911128959062,103.86694747471446,96.0587486109886,104.16496176082777
2019-06-27 00:00:00+00:00,107.21546962835552,104.52095294336901,96.22409736826353,104.24768958157655
2019-06-28 00:00:00+00:00,106.924348951608,103.92436570799953,96.10146385434473,104.35345683025554
2019-06-29 00:00:00+00:00,107.03027468441753,104.17015997929347,96.14839605855168,104.7623765299547
2019-06-30 00:00:00+00:00,106.93726591161054,104.21403024722633,96.32208410513478,104.46202720829756
2019-07-01 00:00:00+00:00,107.0583249670031,104.33260549257803,96.42046295407312,104.40194490477573
2019-07-02 00:00:00+00:00,107.14241296922266,104.47141024351143,96.18487807130035,104.6203916761859
2019-07-03 00:00:00+00:00,106.9435898702368,104.3723172548699,96.11005043638976,104.94460017528579
2019-07-04 00:00:00+00:00,106.83970155460749,104.61632265490753,96.07893726067839,104.70008202628978
2019-07-05 00:00:00+00:00,107.35949212781333,104.83338501302467,95.94962981210656,104.42783618775346
2019-07-06 00:00:00+00:00,107.40759209965599,105.20642109008713,96.02588221159255,104.4104426099367
2019-07-07 00:00:00+00:00,106.62174061703172,105.8160889012678,96.53248749798925,104.26877250389263
2019-07-08 00:00:00+00:00,106.28637326742655,105.59774819077448,96.29067762089328,104.2056004542106
2019-07-09 00:00:00+00:00,106.27672231152148,105.70181617523338,96.28000210205155,104.02065858989836
2019-07-10 00:00:00+00:00,106.64720014135385,105.80264145756162,96.6688640692594,104.27867532640703
2019-07-11 00:00:00+00:00,107.0521917993722,105.51865708717436,96.75884166251966,103.80115684012594
2019-07-12 00:00:00+00:00,107.0143809645397,105.9277009685662,96.80003069965295,103.46181685644054
2019-07-13 00:00:00+00:00,106.97866119999198,105.7198780297162,96.40871257447017,103.2114345525969
2019-07-14 00:00:00+00:00,106.96545472211552,105.76068311807684,96.49123077537634,103.37744557149777
2019-07-15 00:00:00+00:00,106.64856148337394,105.88241911104957,96.62889256987854,103.1924394103357
2019-07-16 00:00:00+00:00,106.65568881274241,105.86113908389521,96.87862589029757,103.27014157955855
2019-07-17 00:00:00+00:00,106.63790415689279,105.48565929193991,97.08037083706124,103.17392938721238
2019-07-18 00:00:00+00:00,106.40411575501136,105.61856894328253,97.2046917474415,102.78299059858554
2019-07-19 00:00:00+00:00,106.29127571285,105.14432232219589,96.88491374904503,102.93061236107776
2019-07-20 00:00:00+00:00,106.49290816474993,105.05308061029082,96.50539655459568,102.79418048011532
2019-07-21 00:00:00+00:00,105.95223879645377,104.85826198741978,96.7835499541333,102.72939169482393
2019-07-22 00:00:00+00:00,105.95973122701173,104.96803166041444,96.60492878467859,102.32300952458048
2019-07-23 00:00:00+00:00,106.25845140286694,105.19583230848549,96.96689278060597,102.38004546010225
2019-07-24 00:00:00+00:00,106.70954452626378,105.29272945469506,97.30375852809881,102.77569614401067
2019-07-25 00:00:00+00:00,106.59695631956697,105.6388489777692,97.41164897604136,102.8907434667739
2019-07-26 00:00:00+00:00,106.57989139090398,105.9066002394458,97.83063688205159,102.74895161845465
2019-07-27 00:00:00+00:00,106.63760458926795,106.12568004708805,97.86254423711935,102.78013018864438
2019-07-28 00:00:00+00:00,106.67133394426281,105.49498193708231,97.94507721066353,102.53300724084595
2019-07-29 00:00:00+00:00,107.31910715084345,104.93794757846769,98.00120395359883,102.87866123868857
2019-07-30 00:00:00+00:00,107.66337877206912,105.19427109622043,98.18713748864162,103.43988155939343
2019-07-31 00:00:00+00:00,108.0592482552692,104.64816607608054,98.21031155353343,103.79232512016307
2019-08-01 00:00:00+00:00,108.03769876331161,104.75193659780322,98.7444389912664,103.82905127955425
2019-08-02 00:00:00+00:00,108.01867111310291,104.4259427118509,98.91692557039255,104.36195890802408
2019-08-03 00:00:00+00:00,108.39144100013317,104.61138648031391,98.98695305632833,103.92048296926596
2019-08-04 00:00:00+00:00,108.85138954073079,104.3158621089993,98.6127219182731,104.10330052306364
2019-08-05 00:00:00+00:00,109.3247876151337,103.74330771742288,98.40647974564823,103.98041857091621
2019-08-06 00:00:00+00:00,109.16899957654188,103.2576896161955,98.13401963788893,103.56073690228116
2019-08-07 00:00:00+00:00,108.74680063165738,103.16359095260484,97.50369993008093,103.17227431974655
2019-08-08 00:00:00+00:00,108.9979885619897,102.43690416981407,97.11436492190012,103.03969844727476
2019-08-09 00:00:00+00:00,108.56905010619224,102.72717759164408,97.7171760894064,103.24654526734633
2019-08-10 00:00:00+00:00,108.46254209722572,102.73148738279322,97.95071524841897,103.09722215075332
2019-08-11 00:00:00+00:00,108.37254268548581,103.17019735331803,98.2650773219839,103.23784977873082
2019-08-12 00:00:00+00:00,108.92452087619152,103.68052549119867,98.30506944977373,103.25826817403033
2019-08-13 00:00:00+00:00,109.09575427386184,104.18787629756972,98.27400860095858,103.5613014625946
2019-08-14 00:00:00+00:00,109.1826232753858,103.81995112710268,97.81413306917896,103.58713804495456
2019-08-15 00:00:00+00:00,109.26765250805975,103.73279673345388,98.05848695794948,103.33773099752997
2019-08-16 00:00:00+00:00,109.0708540484609,103.81424485414045,97.86431922146637,103.26557340765453
2019-08-17 00:00:00+00:00,109.21960058273501,103.66892691503762,97.79953880625563,103.47121777199362
2019-08-18 00:00:00+00:00,109.0780544005983,103.80924116703639,98.06153861215444,103.39801112816959
2019-08-19 00:00:00+00:00,108.7979472686294,103.46019287089852,97.7921646227657,103.03839170524252
2019-08-20 00:00:00+00:00,108.37139670817322,103.29377534590235,97.75412730302335,102.62667717877282
2019-08-21 00:00:00+00:00,108.07522981434074,103.06679722421619,97.1400767571914,102.56201840191368
2019-08-22 00:00:00+00:00,107.79198836694016,102.69977270917032,96.68362580482858,102.36555827111918
2019-08-23 00:00:00+00:00,107.96592544474353,103.17151997188671,97.04866766606558,102.67805320803893
2019-08-24 00:00:00+00:00,108.58660256154523,102.88956915221657,97.14458232392121,102.29716893692239
2019-08-25 00:00:00+00:00,108.52864091326116,103.05142873899227,97.20289856238952,102.06704497878044
2019-08-26 00:00:00+00:00,108.63123623766336,103.20886702229775,96.60129710652292,102.04557816728307
2019-08-27 00:00:00+00:00,108.56508094263717,103.21333582076443,96.79955253805299,102.13321344472678
2019-08-28 00:00:00+00:00,108.63581400840295,102.95658788355952,96.90292418072676,101.83389257196794
2019-08-29 00:00:00+00:00,108.36088487091591,103.26170648379666,96.84400516730241,101.70488170556631
2019-08-30 00:00:00+00:00,108.73357067132548,103.7388717790702,96.84427219269666,102.05301833884214
2019-08-31 00:00:00+00:00,108.74126335237638,103.63166473082246,97.18531885412366,101.90722162117487
2019-09-01 00:00:00+00:00,108.97221804211983,103.57308224966624,97.09346065581974,102.42377242926192
2019-09-02 00:00:00+00:00,108.55038312016369,103.19669580177487,96.50577061159983,102.34718615182184
2019-09-03 00:00:00+00:00,108.44041169949315,103.0302737616843,96.6417540580365,102.3682831814571
2019-09-04 00:00:00+00:00,108.7960911164186,103.41999665022729,96.43449331625831,102.2260804354638
2019-09-05 00:00:00+00:00,108.39108599472989,102.95698319182628,96.61837906054012,102.52311426463973
2019-09-06 00:00:00+00:00,108.4461546121543,102.92815606222099,96.59733407973016,102.33430869575405
2019-09-07 00:00:00+00:00,108.66548398960526,102.64858466936285,96.61418936455046,102.62269643033247
2019-09-08 00:00:00+00:00,109.12712715153707,102.32304036904749,96.44216989066213,102.4607148285607
2019-09-09 00:00:00+00:00,109.15511062961066,102.05863943598472,96.0000449626087,101.8750414771918
2019-09-10 00:00:00+00:00,109.62802527556536,102.1212079037311,96.09610269896915,102.01984953081417
2019-09-11 00:00:00+00:00,109.5837314334621,102.08281222995295,96.51165816550666,101.87497780562992
2019-09-12 00:00:00+00:00,109.65425261320038,102.1106153516604,96.27692859097893,102.23161516271212
2019-09-13 00:00:00+00:00,109.38910483614013,102.09899960634382,96.31281788892939,102.02868546597085
2019-09-14 00:00:00+00:00,109.47934822100935,101.84881697029685,96.32190090333543,101.9059012330152
2019-09-15 00:00:00+00:00,109.31381738684038,101.6928056273299,96.11295670249791,101.40894964205246
2019-09-16 00:00:00+00:00,109.02073695275348,101.40420978757912,96.23484734486858,101.7267810179935
2019-09-17 00:00:00+00:00,109.21964024611277,101.07974917015592,96.09481520481619,101.63307546590761
2019-09-18 00:00:00+00:00,109.27148924966103,100.95931210204539,96.51208271045026,101.55155206184473
2019-09-19 00:00:00+00:00,109.11974064862052,100.57918861547289,96.10137496603004,101.68080539348018
2019-09-20 00:00:00+00:00,109.10845291765784,100.31555976658917,95.87279589335927,101.88169219323792
2019-09-21 00:00:00+00:00,109.45264047999896,100.27456016839203,95.79762260211615,101.87295523734257
2019-09-22 00:00:00+00:00,109.60409270422402,100.35600047722382,95.82473448443615,102.10138710028427
2019-09-23 00:00:00+00:00,109.58474905018828,100.27783218666589,96.12011353640665,102.35075877877071
2019-09-24 00:00:00+00:00,109.17239668634257,99.84939967751899,95.87942858168502,101.86491908006315
2019-09-25 00:00:00+00:00,109.26834349703223,99.81970924006544,95.75417157037148,101.76932272715727
2019-09-26 00:00:00+00:00,109.27990217879554,100.17415096889064,95.56822463049313,102.049197835423
2019-09-27 00:00:00+00:00,109.48360237197708,100.09030347418637,95.73893401938045,102.08310343898565
2019-09-28 00:00:00+00:00,109.59159508714828,100.61815425809955,96.04779494437597,102.22386783580538
2019-09-29 00:00:00+00:00,110.01406388821995,100.56358615627487,96.13571811447652,101.72567904513006
2019-09-30 00:00:00+00:00,110.0088245027433,100.63487857673022,96.11818031466439,102.01483089774166
2019-10-01 00:00:00+00:00,110.45007953739926,100.60257041036407,96.10451694213664,101.84715457257343
2019-10-02 00:00:00+00:00,110.65874454090947,100.78648210524793,95.84232634294113,101.84464016872596
2019-10-03 00:00:00+00:00,110.329256749986,100.9391979075937,95.49333586194486,102.10564571599748
2019-10-04 00:00:00+00:00,110.20117553680585,101.1276263927006,95.64402753589485,102.34226538757432
2019-10-05 00:00:00+00:00,110.4115844020482,100.96617609666325,95.5550689790584,101.94483454673365
2019-10-06 00:00:00+00:00,110.4943407719535,101.20276372494614,95.6331578026465,102.06587484220536
2019-10-07 00:00:00+00:00,110.29617078933302,101.38783763031782,95.41900429584784,101.91144192920073
2019-10-08 00:00:00+00:00,110.16738589281756,101.19535809937052,95.0072924361745,101.75419456925157
2019-10-09 00:00:00+00:00,110.5693756385972,101.16216950621717,95.25611439612528,101.85822928806732
2019-10-10 00:00:00+00:00,110.63018164931397,100.63781245321184,95.2743840453858,102.1034542504776
2019-10-11 00:00:00+00:00,110.38348983569924,100.74569262084626,95.038211989985,101.81403672717465
2019-10-12 00:00:00+00:00,109.90840819532164,100.80677435585645,95.30644522786517,102.22382165942363
2019-10-13 00:00:00+00:00,110.2953160110368,100.50952256376225,95.62554016430104,102.25093501861002
2019-10-14 00:00:00+00:00,109.85208610741479,100.47711662523145,95.83821149584224,101.48685970393572
2019-10-15 00:00:00+00:00,110.17699059043032,100.9449637247871,95.74418128298596,101.51163335559676
2019-10-16 00:00:00+00:00,109.63509325989857,100.98744173349766,95.76496957991897,100.97546564662254
2019-10-17 00:00:00+00:00,109.56147706482041,101.24182646388141,96.04315583717649,101.13989371980958
2019-10-18 00:00:00+00:00,109.22553075399219,101.42845537722128,95.60814411045685,101.0553049242776
2019-10-19 00:00:00+00:00,109.56570053353032,101.64143726686507,96.31017687313982,101.16308254972081
2019-10-20 00:00:00+00:00,109.45323404188564,101.96896372037615,96.20385119683954,101.77717245957362
2019-10-21 00:00:00+00:00,109.61991063185053,101.83446169099818,96.41254268771691,101.69372928328701
2019-10-22 00:00:00+00:00,110.01488780725623,101.71174157806001,96.50116817759279,101.73067424760019
2019-10-23 00:00:00+00:00,110.1483006641497,101.41718255483869,96.87191566845253,102.63112461584502
2019-10-24 00:00:00+00:00,109.95869375077612,101.3871954395603,96.87755091180533,102.97548018684763
2019-10-25 00:00:00+00:00,109.8318646211376,101.30326894044045,96.6126181728317,103.02066584925932
2019-10-26 00:00:00+00:00,109.61895802881196,101.25041858751972,96.67044966057328,103.21829916598996
2019-10-27 00:00:00+00:00,109.73621544224007,101.07481289322526,96.61466215380347,103.07311559107477
2019-10-28 00:00:00+00:00,109.78677821410592,100.51555809720668,96.21729882965965,103.16693373221526
2019-10-29 00:00:00+00:00,109.85939927902395,100.4904441025888,96.51415381193499,102.86283461046705
2019-10-30 00:00:00+00:00,109.57619364366069,100.75231230069745,96.01086883349349,102.92217450416867
2019-10-31 00:00:00+00:00,109.0222314351321,101.02165163093471,96.18998978703786,102.79045692372574
2019-11-01 00:00:00+00:00,108.9318946390704,101.00533781201516,96.46396053461802,102.9289827999913
2019-11-02 00:00:00+00:00,108.9773332042116,101.31703829284501,96.45025819162245,103.41044321221158
2019-11-03 00:00:00+00:00,108.57054740139615,101.13129273532174,95.92072244027202,102.94662353374086
2019-11-04 00:00:00+00:00,108.38856299259118,101.34403442592519,95.93629145093023,103.025343716921
2019-11-05 00:00:00+00:00,108.31024526849306,101.47612485724162,95.91221204769629,103.1728225150833
2019-11-06 00:00:00+00:00,108.67004742191932,101.5894817981479,95.93547815915959,103.1659705459688
2019-11-07 00:00:00+00:00,108.11659028250571,101.14243278351371,95.65093158097305,103.23756512117525
2019-11-08 00:00:00+00:00,108.01588874514745,100.6300772792565,96.37808314691664,103.47879736779655
2019-11-09 00:00:00+00:00,108.44946470378775,100.94754948909289,96.5133765259329,103.73793252062254
2019-11-10 00:00:00+00:00,107.94579481676917,100.7787960988453,96.44121109312904,103.70739517028
2019-11-11 00:00:00+00:00,107.96789092088115,101.0224152469002,96.36053077847906,104.04278823538111
2019-11-12 00:00:00+00:00,107.93417679409934,101.48790827336263,96.44843847725211,104.43518602710395
2019-11-13 00:00:00+00:00,107.97699432052718,101.69909839340065,96.47829218427037,104.50766972841828
2019-11-14 00:00:00+00:00,108.28949984796364,101.4750016490093,95.98349077555731,104.63144052188255
2019-11-15 00:00:00+00:00,108.19055532997184,101.63749418057068,95.7795810635924,104.64210088754841
2019-11-16 00:00:00+00:00,108.07384297789704,102.10621702282684,95.92938856527343,104.39130321343205
2019-11-17 00:00:00+00:00,107.76038789911506,101.91612938095746,95.63993865946675,104.43753152738094
2019-11-18 00:00:00+00:00,107.78114243819009,102.23610988009685,95.83849909008549,104.76404768499336
2019-11-19 00:00:00+00:00,107.53583361240423,102.30449267736488,95.91530315128371,105.11339824541332
2019-11-20 00:00:00+00:00,107.1628999468862,102.46724605610073,96.17990349862202,105.13794008609739
2019-11-21 00:00:00+00:00,106.76536978658443,102.02209527677975,96.20026541462006,105.68449671644498
2019-11-22 00:00:00+00:00,106.47253924344358,101.75321013211445,96.11085651285508,105.65154975062632
2019-11-23 00:00:00+00:00,107.0321943477208,101.66603391578944,96.59215132274288,105.78638719606343
2019-11-24 00:00:00+00:00,106.87311335187584,101.60230939828355,96.26040106784555,105.48661909595994
2019-11-25 00:00:00+00:00,106.75506923156485,101.47033134445269,95.91914177403851,105.31200225048292
2019-11-26 00:00:00+00:00,106.55911978748256,101.82507175474383,95.86751394727165,105.32589230221738
2019-11-27 00:00:00+00:00,106.93525755052107,101.57146143076535,95.79071657327324,105.0195401193242
2019-11-28 00:00:00+00:00,106.82361879410871,101.19053678989074,95.5444113656316,105.28046445333044
2019-11-29 00:00:00+00:00,107.00551202411877,101.2303571579551,95.07196626316278,105.45957215204395
2019-11-30 00:00:00+00:00,107.21896400271062,101.22395008730192,95.46224015575541,104.9973804584479
2019-12-01 00:00:00+00:00,106.98267857767665,101.02388988050386,95.41350287054252,104.97243458332014
2019-12-02 00:00:00+00:00,107.0057876305812,101.29745234259295,95.42037612502088,105.02427907223858
2019-12-03 00:00:00+00:00,106.67746492973028,101.16079901450776,95.08384627658515,104.9797407874046
2019-12-04 00:00:00+00:00,106.96067338731017,101.66774956548947,95.1507839800925,105.86981658076115
2019-12-05 00:00:00+00:00,107.41493041764943,101.53094780646661,95.1598206265526,105.82983329527576
2019-12-06 00:00:00+00:00,107.91561683340554,100.61738546381392,95.04057401227037,106.08875047465949
2019-12-07 00:00:00+00:00,107.88220911326702,100.82429054735731,95.46833764735621,106.26864504409588
2019-12-08 00:00:00+00:00,108.13199664234364,100.77606217083792,95.40067818058299,106.79452713809326
2019-12-09 00:00:00+00:00,108.58968679470404,101.36306922253327,95.39475497070903,106.21822266484719
2019-12-10 00:00:00+00:00,108.13203500163368,100.98029245150195,95.33747716602784,106.14412269872922
2019-12-11 00:00:00+00:00,108.31733376826314,101.13530000598521,95.4649181561847,106.81254212042295
2019-12-12 00:00:00+00:00,108.6254795577293,100.80538019347539,95.18809089753842,106.91810848996235
2019-12-13 00:00:00+00:00,108.43804213065042,100.88604410566668,95.16060749993368,106.59412596608527
2019-12-14 00:00:00+00:00,108.65370710431874,101.22176562350685,94.81693212079196,106.2201413820467
2019-12-15 00:00:00+00:00,108.53035785120846,101.20597354354071,94.73997741402233,105.93425112022187
2019-12-16 00:00:00+00:00,108.66045125645896,101.04146869669728,94.06791815978347,105.64959134280565
2019-12-17 00:00:00+00:00,108.4961737409974,101.14866409596421,93.98197530556773,105.32363451572208
2019-12-18 00:00:00+00:00,108.65040184782984,101.638078518439,94.26680587989988,105.90479650405938
2019-12-19 00:00:00+00:00,108.92987124663968,102.0015886970082,94.25196794734725,106.05032006438991
2019-12-20 00:00:00+00:00,108.98765572244925,102.04468204948444,94.46034249395869,106.00585701265233
2019-12-21 00:00:00+00:00,108.79604138523734,101.74629177047744,94.52975891415707,105.73679227259882
2019-12-22 00:00:00+00:00,108.82286622433917,101.79608261507042,94.5011323060859,105.41478256911188
2019-12-23 00:00:00+00:00,108.62480033642204,101.9509588052617,94.14564542909632,105.50197136405764
2019-12-24 00:00:00+00:00,108.55138900584171,101.93803285475434,93.77121893075562,105.49699338799445
2019-12-25 00:00:00+00:00,108.20341796053121,101.6037142214903,93.44334327309396,105.1461141257457
2019-12-26 00:00:00+00:00,108.4216005708022,101.36261853630036,93.50494287688589,105.5704071181679
2019-12-27 00:00:00+00:00,108.51210162771534,101.55269148003623,93.73911249978691,105.3480697632085
2019-12-28 00:00:00+00:00,108.13257706704695,101.52909863015392,93.49463711039061,105.180725121774
2019-12-29 00:00:00+00:00,108.58924007279354,101.27774294547693,93.38089278368494,105.29745928993881
2019-12-30 00:00:00+00:00,108.21664271237094,100.94253132150617,93.15437581008565,104.87168786294922
2019-12-31 00:00:00+00:00,108.31271668820263,101.24942937916668,93.63428908635441,105.16705950482621
2020-01-01 00:00:00+00:00,108.65809555126425,101.38322360622632,93.50499755885753,104.82450559690335
2020-01-02 00:00:00+00:00,108.5612503345379,101.3714993215287,93.83476348686429,104.71698716163807
2020-01-03 00:00:00+00:00,109.15987269837224,101.53077176835008,93.7641892150707,105.1711950586969
2020-01-04 00:00:00+00:00,108.43170260269213,101.3589966087177,93.59400147025246,105.12255020347162
2020-01-05 00:00:00+00:00,107.61635454554863,101.02309248536172,93.42977908198925,105.19715270606673
2020-01-06 00:00:00+00:00,107.32194610874241,100.9173920178618,93.06877711692084,104.71190177161368
2020-01-07 00:00:00+00:00,106.960299505033,100.86720134346331,92.82430055584831,104.95321269607221
2020-01-08 00:00:00+00:00,106.97454150058269,100.74651417227992,92.77807227208315,104.91377615857894
2020-01-09 00:00:00+00:00,106.87895861788698,101.33921439041691,92.65845662116091,104.76969602746608
2020-01-10 00:00:00+00:00,106.61118193890817,101.46951298381249,92.46956247124518,104.98658657969766
2020-01-11 00:00:00+00:00,106.67988165492301,101.54458739472612,92.01213957412608,105.06069433006314
2020-01-12 00:00:00+00:00,106.67385733439612,101.16213519289002,91.81976269003344,105.32379267548657
2020-01-13 00:00:00+00:00,106.47162924860378,101.24482102396725,91.62201400247756,105.13323517227408
2020-01-14 00:00:00+00:00,106.18925247135205,101.09286701283898,91.36390028957013,104.75103456043688
2020-01-15 00:00:00+00:00,106.00801328808538,100.83330301577747,90.81919775517468,104.7498337961386
2020-01-16 00:00:00+00:00,105.93083025140999,100.46831106465493,90.93175060657026,104.98196083315406
2020-01-17 00:00:00+00:00,106.3483275573075,101.02086192876823,90.65929063354332,105.21972712074925
2020-01-18 00:00:00+00:00,105.91311507041898,100.54058282194109,90.97883002922333,105.25044835184282
2020-01-19 00:00:00+00:00,105.96825305782562,100.88220644606277,91.25437893939042,105.04817711230183
2020-01-20 00:00:00+00:00,106.10643125871732,100.96156705961252,91.70529209904937,105.60814193419723
2020-01-21 00:00:00+00:00,105.67055226449276,100.72888043734417,91.71970286328971,105.8271322463769
2020-01-22 00:00:00+00:00,105.59435185693819,100.72616480778859,91.12577066741902,105.90128400882895
2020-01-23 00:00:00+00:00,105.8304040821721,100.45649601157875,91.4752614868942,105.34247903682687
2020-01-24 00:00:00+00:00,105.62049078947183,100.09390307060244,91.38189342227939,104.77648576863876
2020-01-25 00:00:00+00:00,105.90628226889645,100.15813290193462,91.88295879494105,104.61311405618032
2020-01-26 00:00:00+00:00,106.16381341577473,100.32648284773951,92.4020749653778,104.45064913669037
2020-01-27 00:00:00+00:00,106.20129383959691,100.0828617834765,92.47458185731753,104.36853680694674
2020-01-28 00:00:00+00:00,106.20032664636076,99.8844085768164,92.03491666437989,104.25170693068729
2020-01-29 00:00:00+00:00,106.24299903087449,100.09028991421465,91.89972292794026,104.4094160402806
2020-01-30 00:00:00+00:00,106.55905970756358,100.49906009711823,91.98506313000371,104.76219067744465
2020-01-31 00:00:00+00:00,106.30343442035246,100.41910050063575,92.13106372032568,105.58602278941325
2020-02-01 00:00:00+00:00,106.34757135917768,100.36574444887604,92.110896576841,105.27940817305088
2020-02-02 00:00:00+00:00,105.93344170574933,100.08611559012664,92.22221580669502,105.11068747397357
2020-02-03 00:00:00+00:00,105.83336574540448,100.40587236514408,92.56283820181531,105.40764558760029
2020-02-04 00:00:00+00:00,105.72883888754586,100.78487803880209,93.05428175078741,105.328138359791
2020-02-05 00:00:00+00:00,105.93800014809982,100.78292467950531,92.75588958678117,105.0717280175638
2020-02-06 00:00:00+00:00,105.7463627367252,101.08671318419479,92.795576663335,104.76477722374857
2020-02-07 00:00:00+00:00,106.17677851758636,100.87938346947043,92.96780799207961,104.76535207299429
2020-02-08 00:00:00+00:00,106.03618158741746,100.67070933088095,92.96884256549976,104.74975405735468
2020-02-09 00:00:00+00:00,105.73100024000647,100.49507262588305,93.06828260079106,104.7295416318066
2020-02-10 00:00:00+00:00,105.20136735316727,100.50457273752873,92.92933769594198,104.83975566850339
2020-02-11 00:00:00+00:00,105.31242801808892,100.68568490745326,93.05445086088187,105.0699466238583
2020-02-12 00:00:00+00:00,105.0867891049406,100.46590546760982,92.89990701079653,104.61366378534665
2020-02-13 00:00:00+00:00,105.38592503919858,100.68956025954422,92.82234941475681,104.5417178497098
2020-02-14 00:00:00+00:00,105.59547018369894,100.79078085423927,92.68883873098754,104.71142643096401
2020-02-15 00:00:00+00:00,105.49591261663757,100.89740958012291,92.52308352460717,104.5145117859333
2020-02-16 00:00:00+00:00,105.21123465367415,100.6828977818768,92.40871695662743,104.13399245273261
2020-02-17 00:00:00+00:00,104.85609996514789,100.88646145249972,92.36854077263786,104.07118063285753
2020-02-18 00:00:00+00:00,104.80254241185636,100.9382046050646,92.37075165978001,104.18175740829814
2020-02-19 00:00:00+00:00,104.62605181413122,101.20840499859547,92.31900937499361,103.90157603105081
2020-02-20 00:00:00+00:00,104.6604032731166,101.3675151680154,92.06333703609548,103.14550475651875
2020-02-21 00:00:00+00:00,104.49676945018193,100.78210759422643,91.6966179523569,102.81126454145586
2020-02-22 00:00:00+00:00,104.78317617088464,101.00308658790975,91.82262812004018,103.1767860205188
2020-02-23 00:00:00+00:00,104.57455437420896,100.6097932967434,91.66714722611641,102.75127821687285
2020-02-24 00:00:00+00:00,103.9675832358168,100.66831241166643,91.27506805393071,102.68221643753861
2020-02-25 00:00:00+00:00,104.0789688620948,100.71564313556,91.0872134185556,102.29902103440004
2020-02-26 00:00:00+00:00,104.69412082702023,100.64110676183256,91.13025086623351,102.11179944092962
2020-02-27 00:00:00+00:00,104.8493209875567,100.82540360808323,91.23615067543561,102.63266532075572
2020-02-28 00:00:00+00:00,104.3948607891414,100.92894811343983,90.81902775367396,102.7285565519812
2020-02-29 00:00:00+00:00,103.96931482233973,101.22503259741977,90.91096195176658,103.16201973013528
2020-03-01 00:00:00+00:00,104.46401775286692,100.9990966762427,90.55251716480043,102.57674590508313
2020-03-02 00:00:00+00:00,104.5113522088786,101.30344755810516,90.48661138797252,102.66025833648594
2020-03-03 00:00:00+00:00,104.56409882720355,101.21986781810271,90.73037039122006,102.92825142294778
2020-03-04 00:00:00+00:00,104.38157123013248,101.213843413233,90.46013612083794,102.99509239881088
2020-03-05 00:00:00+00:00,104.57098314673573,101.09504199373275,90.60570886755731,102.94688785393767
2020-03-06 00:00:00+00:00,104.60167649483448,101.06619041233118,90.61263482140905,102.69868801492306
2020-03-07 00:00:00+00:00,104.27163798607019,101.18063362116884,91.02729891884242,103.04299411002081
2020-03-08 00:00:00+00:00,104.2282637828783,101.23790094053028,91.4677403202346,102.99717837708104
2020-03-09 00:00:00+00:00,104.12348895112721,100.88477634146804,91.52965917999647,103.40475140067501
2020-03-10 00:00:00+00:00,103.87456504388653,101.30584937491737,91.36505689649762,103.30963231749801
2020-03-11 00:00:00+00:00,103.98040397084263,101.27503867952817,91.58381605454356,103.53664996731254
2020-03-12 00:00:00+00:00,103.93694763971239,101.4164453422287,91.83049224057575,103.43692131562841
2020-03-13 00:00:00+00:00,103.72845095783546,101.59608170167392,91.92181656459682,103.36948991547074
2020-03-14 00:00:00+00:00,104.0236870128109,101.40964513518703,91.92486670103985,103.4606339223402
2020-03-15 00:00:00+00:00,104.44652031171515,101.26092716708312,91.96366315423495,103.21076929585523
2020-03-16 00:00:00+00:00,105.12907141128463,101.90901365861825,91.87573985709341,103.10455595320407
2020-03-17 00:00:00+00:00,105.24920160195386,101.86553490851564,92.09676132452068,102.96328893560916
2020-03-18 00:00:00+00:00,105.50115967112642,102.34641690718951,91.98398521707512,102.85370634476814
2020-03-19 00:00:00+00:00,105.12504424597994,102.78076081009752,92.17107364159192,103.15812002640746
2020-03-20 00:00:00+00:00,104.7839781776627,102.3232729951446,91.91136811460407,102.43859185305003
2020-03-21 00:00:00+00:00,104.39444442737653,101.95030293509576,91.94094005375756,102.2712331340834
2020-03-22 00:00:00+00:00,104.47655352903668,101.90707864321973,92.25336724472879,102.63120233890136
2020-03-23 00:00:00+00:00,104.70506488606013,102.25028700717624,92.38657649391064,102.62738160982722
2020-03-24 00:00:00+00:00,104.74596830453775,101.9754327661939,92.09497034804696,102.87845347070295
2020-03-25 00:00:00+00:00,104.77072294905624,101.96179952917467,92.41943471458826,102.98563692581153
2020-03-26 00:00:00+00:00,104.81389538353413,101.75681451818419,92.53122244289197,103.00842270762888
2020-03-27 00:00:00+00:00,104.90174430461713,101.94333894884527,92.55843469905875,103.3122035499605
2020-03-28 00:00:00+00:00,104.66369043192074,101.77655776108438,92.48326201827578,103.50192384661158
2020-03-29 00:00:00+00:00,104.68886069274029,101.52175987387066,92.52591203672087,103.45611870881703
2020-03-30 00:00:00+00:00,105.16361306357568,101.91870808556023,93.02220610952727,103.29593545303982
2020-03-31 00:00:00+00:00,105.32863731875486,102.13982636658166,93.04263937102986,103.25656082107315
2020-04-01 00:00:00+00:00,105.53773265592942,102.28395004693117,93.65879072226873,103.16389259950246
2020-04-02 00:00:00+00:00,105.66634358212973,102.02445250166731,93.96083274395511,102.88108768972573
2020-04-03 00:00:00+00:00,105.82622207159059,101.98644984232597,94.1357696148266,103.19228597624569
2020-04-04 00:00:00+00:00,106.01763284849845,102.05395737019315,94.36180455348322,103.12598005733682
2020-04-05 00:00:00+00:00,105.79409958308132,102.21084365712613,94.42704909569169,103.00285802690837
2020-04-06 00:00:00+00:00,105.12398991232392,102.34175365346417,94.42810787755877,103.12724203816363
2020-04-07 00:00:00+00:00,105.23632667831735,102.51481059384633,94.47286297162843,103.1525402194675
2020-04-08 00:00:00+00:00,105.2007059714869,102.22978738723842,94.5781788597083,102.66452771157265
2020-04-09 00:00:00+00:00,105.56696848177984,101.75949894907912,94.75836328255211,102.66899121849767
2020-04-10 00:00:00+00:00,105.5249984177528,101.7771521776605,94.58451800630512,102.344719640539
2020-04-11 00:00:00+00:00,106.1177216701796,101.94644313439413,94.73931456806068,102.34035876683336
2020-04-12 00:00:00+00:00,106.00011529682081,101.87883470975446,94.35241481084616,102.56505534474582
2020-04-13 00:00:00+00:00,106.44183935884143,101.68696636347521,94.70465492921811,103.10033462037688
2020-04-14 00:00:00+00:00,106.53457746792171,101.23107053508322,94.36492292801923,103.22319479781173
2020-04-15 00:00:00+00:00,106.78818364546329,101.32613775965861,94.24303372622748,102.81283429256436
2020-04-16 00:00:00+00:00,106.3451844186897,101.25677395962191,94.12318291774386,102.93862962575122
2020-04-17 00:00:00+00:00,106.30655390039168,101.540068485335,94.35542417840314,102.9426785221055
2020-04-18 00:00:00+00:00,106.11168552951564,101.63836853906508,94.40945160950994,102.61549237554846
2020-04-19 00:00:00+00:00,106.42796641790206,101.43561805456955,94.4537640068447,102.6719393419897
2020-04-20 00:00:00+00:00,106.60556496923004,101.50321291556537,94.97670816522665,102.80891192818875
2020-04-21 00:00:00+00:00,106.94010365930087,101.36504475098164,95.28715180901787,102.44103669555498
2020-04-22 00:00:00+00:00,106.65506702754345,101.24593746810662,95.44907117280007,102.64466755143255
2020-04-23 00:00:00+00:00,107.17736417197756,100.77059219909103,95.06686105042613,102.67560846660284
2020-04-24 00:00:00+00:00,107.46980900512605,100.70216339472714,94.89448092047431,103.10500867090693
2020-04-25 00:00:00+00:00,107.19756717888602,100.71992097387144,95.18171033733589,102.62591281436032
2020-04-26 00:00:00+00:00,106.99110795686856,100.90368172563292,94.66807379077318,102.45719973324859
2020-04-27 00:00:00+00:00,106.98850785416465,100.64857270930148,94.55226646809814,102.76287721335169
2020-04-28 00:00:00+00:00,107.02611838066001,100.95065735431379,94.28577753124709,102.6928802627277
2020-04-29 00:00:00+00:00,106.86425357876423,101.1739227124634,94.67578419527736,102.50614557328379
2020-04-30 00:00:00+00:00,106.92535136357775,100.8777304330095,94.4527563255733,102.5180467020628
2020-05-01 00:00:00+00:00,106.70327474707388,100.7981755471766,94.55062449184086,101.92685590010018
2020-05-02 00:00:00+00:00,107.21064266187204,101.13711760835163,94.5216269916364,102.13447238011075
2020-05-03 00:00:00+00:00,107.67047627470497,101.25013247231672,94.26899302243777,102.14907164384795
2020-05-04 00:00:00+00:00,107.81515467682127,101.0383091200786,94.19106541953373,101.60569411353467
2020-05-05 00:00:00+00:00,107.46551825224788,100.8272904844631,93.93850850127973,101.68518061520186
2020-05-06 00:00:00+00:00,107.59229266566588,100.6429281387887,93.58742871585915,101.4602558535359
2020-05-07 00:00:00+00:00,107.49407117655028,101.14622120359206,93.7165838030413,101.96118157515319
2020-05-08 00:00:00+00:00,107.81840804036356,100.98814298152288,93.49388300448106,102.03877912850527
2020-05-09 00:00:00+00:00,107.47832339439114,100.9594659362419,93.39557450242054,102.04898168024465
2020-05-10 00:00:00+00:00,107.37476554544904,101.16683880660484,93.11926933863103,102.00997893861759
2020-05-11 00:00:00+00:00,107.6200037926919,101.55225516414046,93.04773129574075,102.29349673507502
2020-05-12 00:00:00+00:00,107.22845454103309,101.38007580810537,92.98321445437419,101.74661808879529
2020-05-13 00:00:00+00:00,106.65248607035066,101.16967743678619,92.82457170157483,102.07362553038922
2020-05-14 00:00:00+00:00,106.41687717478243,101.16138638911745,92.93366072121076,102.1548464911744
2020-05-15 00:00:00+00:00,106.03875531448004,101.0893035141277,92.6567715005102,102.3505710415284
2020-05-16 00:00:00+00:00,105.94354494121772,100.89148636289599,92.93584255410914,102.28997388949095
2020-05-17 00:00:00+00:00,106.05432532152768,101.611544113418,93.04906014278335,102.2665961275371
2020-05-18 00:00:00+00:00,106.13626929235458,101.56086632959318,92.94533194398429,102.12210282785892
2020-05-19 00:00:00+00:00,106.31496488527841,101.95632587941245,93.38384929011698,102.48929481293496
2020-05-20 00:00:00+00:00,106.18155135560615,101.87278405448153,93.51656874244276,102.38673604547274
2020-05-21 00:00:00+00:00,106.05099877057019,102.10230304508642,93.84959111741802,102.56900358689178
2020-05-22 00:00:00+00:00,106.21732845724434,102.6699306945613,94.26103722416596,102.71426195110745
2020-05-23 00:00:00+00:00,105.90649061074745,102.51396021114235,94.08473503579236,102.58736636279463
2020-05-24 00:00:00+00:00,105.68147679470911,102.15921416990474,94.31281843493005,102.65287346543165
2020-05-25 00:00:00+00:00,105.63231061615011,102.28100018351888,94.1269570365164,102.84005177792007
2020-05-26 00:00:00+00:00,105.97379602081071,102.06559696969975,93.77454322586489,102.56022845976234
2020-05-27 00:00:00+00:00,106.54388174814962,101.65095139164187,93.57779982775095,102.7195874729444
2020-05-28 00:00:00+00:00,105.91601248652522,102.09936222119661,94.01108419213438,102.18570398412393
2020-05-29 00:00:00+00:00,105.66532789208365,101.86743095575365,94.25732887432532,101.79634740601104
2020-05-30 00:00:00+00:00,105.66875669412397,101.61354115681404,94.65352467779921,101.69924868111991
2020-05-31 00:00:00+00:00,105.75177981638652,102.20455509059403,94.46634032187465,102.0762496814795
2020-06-01 00:00:00+00:00,105.60695886053274,102.15322507452076,94.50189758589246,101.81586485794664
2020-06-02 00:00:00+00:00,105.517406512494,102.36665882174574,94.49110781790918,102.04719357503961
2020-06-03 00:00:00+00:00,105.54670058094726,102.58791056067881,94.4258374035531,102.00111329212336
2020-06-04 00:00:00+00:00,105.13098456624313,103.04096055973733,94.30910978170802,101.63578010204952
2020-06-05 00:00:00+00:00,104.65163591911708,103.04769094254102,94.3230636765779,101.51975777041618
2020-06-06 00:00:00+00:00,104.23727640714532,102.65712243142903,94.25109775749154,101.34887520729092
2020-06-07 00:00:00+00:00,104.16635749770487,101.91139743305479,93.95537787619664,101.46655387753945
2020-06-08 00:00:00+00:00,104.32004077308702,101.77431373490346,93.88089484226442,101.66219705730401
2020-06-09 00:00:00+00:00,105.0509164614369,102.30225712012786,94.166961379688,102.01340624014193
2020-06-10 00:00:00+00:00,104.79938699961781,102.07083780341044,94.46681312744447,102.30655756944427
2020-06-11 00:00:00+00:00,104.88623911498836,101.76276321504241,94.44984493324782,102.18371143717361
2020-06-12 00:00:00+00:00,104.53486340875887,101.82066186645271,94.0392183309565,101.5078249081512
2020-06-13 00:00:00+00:00,104.36126558838184,101.89795479597056,94.41255900348155,101.1544791274408
2020-06-14 00:00:00+00:00,104.39613537027287,101.63196142349528,94.50369486270894,100.94383850505929
2020-06-15 00:00:00+00:00,104.37262093849904,101.74098666804505,94.47067338072655,101.2823449589938
2020-06-16 00:00:00+00:00,104.19081259432325,101.77772600757312,94.18299659947168,101.06794842668218
2020-06-17 00:00:00+00:00,103.8311684089465,101.74322153450929,93.5795845360237,100.6216258452773
2020-06-18 00:00:00+00:00,103.61039980361035,101.80785865683295,94.00683837261785,100.75981802239731
2020-06-19 00:00:00+00:00,103.30449170504626,101.85740410777005,94.21910234320248,100.60016272089263
2020-06-20 00:00:00+00:00,103.39029920551796,101.52885976863614,94.12869829927793,100.83985505414813
2020-06-21 00:00:00+00:00,103.38469942131618,101.68351761370349,94.17161412646155,100.67082930666677
2020-06-22 00:00:00+00:00,103.19109352157771,101.92042051014685,94.0111495337398,100.71944715825893
2020-06-23 00:00:00+00:00,102.86335009810142,102.14248862701066,94.33925911154786,100.76433214300279
2020-06-24 00:00:00+00:00,103.12239964464696,102.32964935800518,94.14924651417317,100.73960692487475
2020-06-25 00:00:00+00:00,103.1861602974486,102.44320670461316,94.03347504424119,100.67477950621742
2020-06-26 00:00:00+00:00,103.14951046104645,102.37528320064273,94.3399051053051,100.43805481826836
2020-06-27 00:00:00+00:00,103.11536534768284,101.58658674457268,94.16449498684213,100.58396537139471
2020-06-28 00:00:00+00:00,103.13072359120972,101.67914630407337,94.20399542110734,100.56531874425032
2020-06-29 00:00:00+00:00,102.86265832173945,100.90220729483313,94.4506170974824,100.51586906499425
2020-06-30 00:00:00+00:00,103.0308150043812,100.87587226390184,94.39146015089034,100.04816939182138
2020-07-01 00:00:00+00:00,103.48510771848385,101.23712857408309,94.84554685680673,100.2125148325548
2020-07-02 00:00:00+00:00,103.61418948994393,101.50594408833095,94.68504620468883,100.41210447056787
2020-07-03 00:00:00+00:00,102.80543467726096,101.32748226447684,94.54813995314004,100.45134162105491
2020-07-04 00:00:00+00:00,102.71024770367949,101.44646966201158,94.65245900740662,100.83072625425844
2020-07-05 00:00:00+00:00,102.60727797690737,101.6859945293743,94.63267948558259,100.62213181554314
2020-07-06 00:00:00+00:00,102.60630276275181,101.4697188947612,94.51893355213079,100.45791596032856
2020-07-07 00:00:00+00:00,102.76450555490213,101.48038624929224,94.47360758264607,100.21013376654129
2020-07-08 00:00:00+00:00,103.22870809662446,101.95893306032988,94.55928994992738,99.97706350007748
2020-07-09 00:00:00+00:00,103.21316325228466,102.0503889561593,94.49382194642338,100.24152829840827
2020-07-10 00:00:00+00:00,102.76361546760532,102.81994346581854,94.80127763708055,100.05131965218604
2020-07-11 00:00:00+00:00,103.18440715736158,102.71469903333607,94.49778638084157,100.07242112317364
2020-07-12 00:00:00+00:00,103.71556105410596,102.83501642434196,94.51280196028945,100.29439001984825
2020-07-13 00:00:00+00:00,103.76651252711656,102.51865055505995,94.52560721518854,100.64579061108391
2020-07-14 00:00:00+00:00,103.35358993755156,102.59713336716543,94.47950927950743,100.86949438305403
2020-07-15 00:00:00+00:00,103.68161126485045,102.58812376920149,94.7484721282157,101.25062060580119
2020-07-16 00:00:00+00:00,103.74207085542722,102.24729339987942,94.66442247588141,101.51007843765815
2020-07-17 00:00:00+00:00,103.53021583998897,101.86308771153196,94.97838590420464,101.89945651060204
2020-07-18 00:00:00+00:00,103.67441133048987,101.91948719303308,95.26626057163871,101.69080105730288
2020-07-19 00:00:00+00:00,104.45645519979061,101.8009115537607,95.21048581337709,102.35292432473915
2020-07-20 00:00:00+00:00,104.64734842091049,101.92081933825337,95.19957940267481,102.36038414403059
2020-07-21 00:00:00+00:00,104.70198041135744,101.96061210809418,94.88714019920015,102.26508901549987
2020-07-22 00:00:00+00:00,104.27254290182483,101.70806838397623,94.82221421061094,102.47758817584642
2020-07-23 00:00:00+00:00,104.19387568628825,102.16791216435054,95.35563319772093,103.12025426224578
2020-07-24 00:00:00+00:00,104.70697363079415,102.13426065192107,95.30388886280922,103.38065635479842
2020-07-25 00:00:00+00:00,104.5614131546213,101.9164631478818,95.22889924118502,103.54335703562819
2020-07-26 00:00:00+00:00,104.31122842514633,101.55952596655342,94.70428091949785,103.28993816026619
2020-07-27 00:00:00+00:00,104.0925227516615,101.69031213956772,94.45721765189391,103.14139759874746
2020-07-28 00:00:00+00:00,104.29782290049367,101.70082552304457,94.77936149356843,103.00983803394693
2020-07-29 00:00:00+00:00,104.02746590903165,102.0277486952711,95.05419320169224,102.83196200074819
2020-07-30 00:00:00+00:00,104.32394843661021,102.3337395792657,95.43209833482928,103.46588382733476
2020-07-31 00:00:00+00:00,103.92593026901999,102.0275977232062,95.5581898551983,102.9303019628221
2020-08-01 00:00:00+00:00,104.14076233147306,102.18297273469325,95.54338862878745,103.21332000649151
2020-08-02 00:00:00+00:00,104.75677050479113,102.48680589108443,95.5937534554764,103.69415441069513
2020-08-03 00:00:00+00:00,104.81257071832808,102.46225696478429,96.22815413101506,103.8452408940429
2020-08-04 00:00:00+00:00,104.84576326402816,102.47019763303251,95.99188471023413,103.85175472300219
2020-08-05 00:00:00+00:00,105.24089573754532,102.725780718582,96.12603036415895,103.09395157859068
2020-08-06 00:00:00+00:00,105.539334592304,102.86125666259646,96.21043725796441,103.26317908581508
2020-08-07 00:00:00+00:00,105.80562725319288,103.14302743944765,96.23248371560632,103.15538281240806
2020-08-08 00:00:00+00:00,106.17682933086934,103.13144268804234,96.20052822863917,102.60083260286598
2020-08-09 00:00:00+00:00,105.63959586167647,103.64802506830831,96.24685349592895,102.8246061856354
2020-08-10 00:00:00+00:00,105.69778933065629,104.40886021544259,96.40575826218671,102.69396756249083
2020-08-11 00:00:00+00:00,105.386174104333,104.24419500951757,96.31038197564814,102.59705732662533
2020-08-12 00:00:00+00:00,105.20897511278359,103.47135625796663,96.3135085620921,102.30531031273279
2020-08-13 00:00:00+00:00,105.69284553905227,103.69303384313338,96.35892330459995,102.59428313735204
2020-08-14 00:00:00+00:00,105.87753126716645,103.92638521041326,96.4269025971672,102.64516188624314
2020-08-15 00:00:00+00:00,105.81389696954366,104.05002297853171,96.56159817166981,102.63763650319721
2020-08-16 00:00:00+00:00,105.93755051820294,103.68803984895494,96.15581760459355,102.47744148796568
2020-08-17 00:00:00+00:00,106.53021150171143,103.74871626100085,95.9547680026418,102.3813949147917
2020-08-18 00:00:00+00:00,106.30999184269372,103.81362566086791,95.97373093524517,102.45808551808523
2020-08-19 00:00:00+00:00,106.44667786331688,103.77470111896965,96.21698181924336,102.84742501867943
2020-08-20 00:00:00+00:00,106.56667415922715,104.25039155170558,96.23180762164506,102.71665291242296
2020-08-21 00:00:00+00:00,106.63355195548594,104.12894726398673,96.41531036619114,102.79363200343857
2020-08-22 00:00:00+00:00,106.8627343540513,104.30436363532458,96.11436860017929,102.69734913457687
2020-08-23 00:00:00+00:00,106.30947668320364,104.03146794711272,95.9400830676341,102.16171453376018
2020-08-24 00:00:00+00:00,106.25438519702516,103.74515246031903,95.8682205809367,102.79304281118142
2020-08-25 00:00:00+00:00,105.75052757515321,103.88154556789625,96.08501969369601,102.72618911798484
2020-08-26 00:00:00+00:00,105.97478509754406,104.05521161086519,96.6636135009825,103.0777479651716
2020-08-27 00:00:00+00:00,106.02945065658183,104.74846846724566,96.3551979299604,103.08960879458698
2020-08-28 00:00:00+00:00,105.79103477399902,104.99604811974928,96.69275062693224,103.30463701666123
2020-08-29 00:00:00+00:00,105.58393849810135,105.5278662665939,96.56114862285966,102.71213057340898
2020-08-30 00:00:00+00:00,105.55176324202625,105.82882780350181,96.58990276901677,102.79637604938685
2020-08-31 00:00:00+00:00,106.1826424305972,105.76269863224516,96.27447967366443,102.85309368878897
2020-09-01 00:00:00+00:00,105.90976666362675,105.67841538256081,96.25850804308034,102.24228251534035
2020-09-02 00:00:00+00:00,106.01210616429384,106.14736498900562,95.96376623074993,102.29183864303273
2020-09-03 00:00:00+00:00,105.90583863809911,105.81257377669421,96.2190835293636,102.40431552352491
2020-09-04 00:00:00+00:00,105.2827956914497,105.87907756654181,96.75540701586613,102.14005251364554
2020-09-05 00:00:00+00:00,105.48674332402358,105.7001834764361,96.59087625813379,101.97396149112564
2020-09-06 00:00:00+00:00,105.77875464709042,106.15673585108367,96.74531220759874,102.16343103280879
2020-09-07 00:00:00+00:00,105.55501614997489,106.6706380001608,97.01435977552575,101.92797716890279
2020-09-08 00:00:00+00:00,105.69234168218902,106.7946290760785,96.97482346872869,101.99809982372568
2020-09-09 00:00:00+00:00,105.60370735572307,106.6072213570482,96.73199802742684,102.53374443295101
2020-09-10 00:00:00+00:00,106.07342330079065,107.005070164753,96.99938933564249,102.79087180032332
2020-09-11 00:00:00+00:00,105.88902079848667,106.635718917682,97.0407292838991,102.89600076315645
2020-09-12 00:00:00+00:00,105.44306465913624,106.72690550346879,97.34624450651522,103.10887889783656
2020-09-13 00:00:00+00:00,105.43129442574521,106.5792152927748,97.34995594693116,102.90199760917591
2020-09-14 00:00:00+00:00,105.18381220233431,106.66632854195768,96.87354361263098,102.46778815003243
2020-09-15 00:00:00+00:00,105.68837783402897,106.83885268449679,97.38865110557757,102.4137549967206
2020-09-16 00:00:00+00:00,105.73838269065278,106.68911035716711,97.39789371431038,102.56293056864153
2020-09-17 00:00:00+00:00,105.83312013934321,106.94556040227603,97.31728661682502,102.3818654752713
2020-09-18 00:00:00+00:00,105.6673083817939,107.19823243515866,97.20960960750698,102.13529588940705
2020-09-19 00:00:00+00:00,105.1594233831942,106.8435496593687,96.78709055555754,101.55388537433784
2020-09-20 00:00:00+00:00,105.85021361272916,106.62488135506425,96.41405801349907,101.72281353062507
2020-09-21 00:00:00+00:00,105.74524742464773,106.59735372144704,96.77038711395349,101.55867728885336
2020-09-22 00:00:00+00:00,105.57598978904433,106.21742700040646,96.87383703099837,101.32764942898409
2020-09-23 00:00:00+00:00,106.0814127325437,106.10633181198926,97.47247624344834,101.68588672453788
2020-09-24 00:00:00+00:00,106.37828579893153,106.35764781873598,97.47923550960304,101.64172132893499
2020-09-25 00:00:00+00:00,106.59643923648579,106.43587872055139,97.577680078579,102.10871714162262
2020-09-26 00:00:00+00:00,106.8219428170373,106.73375261458322,97.55993123797055,102.15445955600568
2020-09-27 00:00:00+00:00,107.33835420422182,107.30378185580945,97.15392288105072,102.11406987784035
2020-09-28 00:00:00+00:00,107.91031976243083,107.3966372145972,97.4330729129248,102.15152258869577
2020-09-29 00:00:00+00:00,108.13736999623274,107.22419273701288,97.34442147795842,102.12062542386317
2020-09-30 00:00:00+00:00,108.19782756456999,107.22489498446167,97.35001318308568,102.0316069748577
2020-10-01 00:00:00+00:00,107.62351901929433,107.52628880051793,97.39682776578958,102.02090780856054
2020-10-02 00:00:00+00:00,107.8172035398415,107.68227429997991,97.78673805440805,101.99999354913786
2020-10-03 00:00:00+00:00,107.85758512590917,107.34971570448987,97.8887664364444,102.26267900215866
2020-10-04 00:00:00+00:00,108.28093738080383,107.09878485271412,97.65125291264947,102.38445503763225
2020-10-05 00:00:00+00:00,108.10894342461532,106.57059091041825,97.51698682335746,102.13140307057058
2020-10-06 00:00:00+00:00,108.1323315283993,106.36922743308975,98.04561146454212,102.10093664094062
2020-10-07 00:00:00+00:00,107.8368942172684,105.7497189787202,97.91528371009575,102.02539354596891
2020-10-08 00:00:00+00:00,108.0184683314271,105.90023692893148,97.95122264011418,102.4570861354686
2020-10-09 00:00:00+00:00,108.00712419613684,106.18920670310548,97.93387884148858,102.33261483016568
2020-10-10 00:00:00+00:00,108.01725562024833,105.97061740497472,97.6887446172447,102.1141964080233
2020-10-11 00:00:00+00:00,108.32091102890868,105.61032289897464,97.34981959912702,102.11429572766569
2020-10-12 00:00:00+00:00,108.35046224672656,105.61754392347459,97.1875269207614,102.72965546641775
2020-10-13 00:00:00+00:00,108.57037523129897,105.6177442388183,97.21447894342406,102.47917749392396
2020-10-14 00:00:00+00:00,108.78164609020114,105.3743518242187,96.91680896200123,103.01174831064966
2020-10-15 00:00:00+00:00,109.04203356617538,105.20261268730162,96.90855879250641,103.31823030049135
2020-10-16 00:00:00+00:00,108.72421722013857,105.25040349405029,96.68702156121309,103.47194226295643
2020-10-17 00:00:00+00:00,108.36778830997595,105.01950899514004,96.32426122772411,102.84942257556293
2020-10-18 00:00:00+00:00,108.63365772011275,104.99732809861094,96.33673814062979,102.78370409785732
2020-10-19 00:00:00+00:00,108.7502183869494,104.97091032239783,96.30759021344551,102.69968924542556
2020-10-20 00:00:00+00:00,108.76308160193997,104.95471212182622,96.24053984496042,102.91271918084502
2020-10-21 00:00:00+00:00,108.23973028585536,105.24449085547256,96.67879317293587,102.95229736404967
2020-10-22 00:00:00+00:00,107.93313508759643,105.49650805008343,96.92922098107749,103.05966481215408
2020-10-23 00:00:00+00:00,107.31906599414792,105.31578843396177,96.79163479956671,103.02666306602254
2020-10-24 00:00:00+00:00,107.58562150435925,105.23352560159971,96.56257021305201,102.71008549013044
2020-10-25 00:00:00+00:00,107.31135444282131,105.55713181259603,96.5003907586982,102.94883228254493
2020-10-26 00:00:00+00:00,107.16425545407863,104.92272087969776,96.72272906028503,102.90867194967704
2020-10-27 00:00:00+00:00,107.25382978529787,104.79090519374125,96.87951402770828,102.56136137084562
2020-10-28 00:00:00+00:00,106.79654945023456,104.48938164834469,96.43503582168474,102.37628631057123
2020-10-29 00:00:00+00:00,106.41823423632911,104.52182354632663,96.37441233802967,102.83999140983872
2020-10-30 00:00:00+00:00,106.1853983006904,104.85544867238868,96.51823994728275,102.9136115921246
2020-10-31 00:00:00+00:00,105.73089388869613,104.91399841220732,96.53978713198853,103.53317288857426
2020-11-01 00:00:00+00:00,105.63204215194386,105.04949135393116,96.36418845317205,103.48946045836745
2020-11-02 00:00:00+00:00,105.33659523460948,105.19203493286359,96.49213628288717,103.24019557094496
2020-11-03 00:00:00+00:00,105.48100033430717,105.38437398889936,96.38744753043541,103.06527298647272
2020-11-04 00:00:00+00:00,104.83662450829995,105.4262161372994,96.81068127703558,102.81205776188065
2020-11-05 00:00:00+00:00,104.99408724672249,105.12026640065801,96.88618015627813,103.4727765497953
2020-11-06 00:00:00+00:00,105.35080004644854,105.18912028425518,96.86868132647832,103.23642130836987
2020-11-07 00:00:00+00:00,105.03849923865327,105.11900840876224,96.12297540916082,102.8205072465947
2020-11-08 00:00:00+00:00,105.09918414509826,105.04307239216956,96.28429048692642,102.33212856445205
2020-11-09 00:00:00+00:00,105.00841663239325,104.7861155114728,95.88999568711706,102.25522998485391
2020-11-10 00:00:00+00:00,105.39458826151231,104.92986633085408,95.94887668331349,102.21929967015404
2020-11-11 00:00:00+00:00,105.91990059213654,105.24798918160488,96.32839147221138,102.48083210340069
2020-11-12 00:00:00+00:00,105.67541999736198,104.67388305864486,96.25662228107497,102.35303569124503
2020-11-13 00:00:00+00:00,105.31911540867914,104.61439020624816,95.97766204453396,102.45719282691245
2020-11-14 00:00:00+00:00,104.97240760670493,104.24800021282104,95.82123519883706,102.15574725065153
2020-11-15 00:00:00+00:00,104.77743003471825,103.79879992420469,95.88244907091196,102.02689973503504
2020-11-16 00:00:00+00:00,104.6650780743638,104.08803402073363,96.12566082467912,102.47641938399741
2020-11-17 00:00:00+00:00,104.62283519926571,104.34195414793544,96.61075542452585,102.414367100677
2020-11-18 00:00:00+00:00,104.82740689810609,104.67608983709515,96.35186981242346,102.52457874639623
2020-11-19 00:00:00+00:00,104.86818158152175,104.34600296565316,96.01688190669623,102.4374448962307
2020-11-20 00:00:00+00:00,105.07219416769675,104.4227418289873,95.57696529123747,102.5632089695145
2020-11-21 00:00:00+00:00,105.12571171331221,104.60455769800082,95.64933164526131,102.64859481488584
2020-11-22 00:00:00+00:00,105.11224379903805,104.77467886320967,95.9273948425561,102.56774270078594
2020-11-23 00:00:00+00:00,104.93149981230927,104.95701040384075,95.80658195951358,102.48425515192902
2020-11-24 00:00:00+00:00,104.6652280485605,105.1530925487149,95.7060997013241,102.59041342064256
2020-11-25 00:00:00+00:00,104.75879421543672,105.22438877737756,95.95524897786521,102.72967368486643
2020-11-26 00:00:00+00:00,105.28540644830267,105.18537162272416,96.11096102642014,103.16241529768311
2020-11-27 00:00:00+00:00,105.1784764804991,105.3640532724075,95.96627841530656,102.64291020667089
2020-11-28 00:00:00+00:00,105.36943530750543,104.7026776199401,95.8420931866253,102.63303401052531
2020-11-29 00:00:00+00:00,105.36817786173435,104.70089886296554,96.10221702871594,102.87422951418756
2020-11-30 00:00:00+00:00,105.21601060522835,104.66201783401641,95.96974307574774,102.82589686044051
2020-12-01 00:00:00+00:00,105.34088046807578,104.5224849386305,96.2140177973965,102.69076648599732
2020-12-02 00:00:00+00:00,105.29840821302223,104.4899837965512,95.9330090279688,102.33461459813554
2020-12-03 00:00:00+00:00,105.36493872009278,104.32164749210875,96.062064196235,102.53041481964043
2020-12-04 00:00:00+00:00,105.34179123704047,104.6704123837151,95.85528875327176,102.56839813288121
2020-12-05 00:00:00+00:00,105.32678594552024,104.57018675444772,95.59181044049035,102.86768885275956
2020-12-06 00:00:00+00:00,105.4296512585065,104.32975337397056,95.74833564653346,102.20568262476458
2020-12-07 00:00:00+00:00,105.67449931237165,104.36468192946717,95.84282175689272,102.65755336036892
2020-12-08 00:00:00+00:00,105.56760023304902,104.46150647509212,95.68017223134179,102.6884516146323
2020-12-09 00:00:00+00:00,105.33189930383548,104.27227671958052,95.39342170370269,102.83829172934
2020-12-10 00:00:00+00:00,105.18191590215973,104.00352031777633,95.34045368620724,103.20551539440449
2020-12-11 00:00:00+00:00,105.55603617876706,103.82560311281664,95.55744061950617,103.37752146884165
2020-12-12 00:00:00+00:00,105.39689715198007,103.28247654541117,95.39097440430324,103.06949999697946
2020-12-13 00:00:00+00:00,105.48174088487777,103.05711125720816,95.49923104089828,102.83544424649418
2020-12-14 00:00:00+00:00,105.62367991742416,102.92027274891798,95.58147868525754,102.86730347933589
2020-12-15 00:00:00+00:00,105.83090138258962,102.91111639174477,96.03913887532038,103.10389469230812
2020-12-16 00:00:00+00:00,106.1641943846949,103.30379929986388,96.30215433167308,103.63040935425123
2020-12-17 00:00:00+00:00,106.13266088240839,103.42375578185155,96.36720124946628,102.84794857478512
2020-12-18 00:00:00+00:00,105.75152015933173,102.96191281350829,95.9737224565088,102.92084341259938
2020-12-19 00:00:00+00:00,105.79373848968399,103.35941860452093,95.9875269760947,103.2763472562767
2020-12-20 00:00:00+00:00,105.64235560755314,103.40280228982371,95.53330080143425,103.5100121953007
2020-12-21 00:00:00+00:00,105.31358052732601,103.33772448376877,95.62946118987271,103.44258585306214
2020-12-22 00:00:00+00:00,105.42775130434454,103.01757878621926,96.31136527079092,103.75502063559311
2020-12-23 00:00:00+00:00,106.0800655823087,102.39856740843045,96.17567757065898,103.3797231125687
2020-12-24 00:00:00+00:00,105.50788363676214,102.74244438771285,96.41528095277965,103.27217812307423
2020-12-25 00:00:00+00:00,104.90354329653682,102.73557401653677,96.56565183632776,103.36274314941988
2020-12-26 00:00:00+00:00,104.71948243435119,102.83874193551691,96.31830397887376,103.48847249018334
2020-12-27 00:00:00+00:00,104.26854326942576,103.07414049506025,96.27029067135636,103.51502300812214
2020-12-28 00:00:00+00:00,104.1420571490611,102.69033562593907,96.31951896900287,103.3417244354744
2020-12-29 00:00:00+00:00,103.75565026137919,102.81312177517658,96.50433050492221,103.40371337015107
2020-12-30 00:00:00+00:00,103.95967958534057,102.91562609284387,96.62591273219466,103.51153699668625
2020-12-31 00:00:00+00:00,104.07329242343054,103.04311549566552,96.7148979630941,103.3878880394984
2021-01-01 00:00:00+00:00,103.79064253718613,102.96978241311564,96.59273233697171,103.46790470752532
2021-01-02 00:00:00+00:00,104.24558429134792,103.29405603869827,96.50294558647761,103.80088600626705
2021-01-03 00:00:00+00:00,104.4339676618962,103.20364472334266,96.26114323359786,104.2698612655249
2021-01-04 00:00:00+00:00,104.55786463374021,102.9008572278961,96.20062129750605,104.64125961063053
2021-01-05 00:00:00+00:00,104.25963452489702,102.78319681665911,96.28641161066803,104.32742947908991
2021-01-06 00:00:00+00:00,104.51037406505831,103.00438336572604,96.0860738286624,104.70613958563392
2021-01-07 00:00:00+00:00,104.23095018622409,102.8547028527572,95.92432514554535,104.48049760629311
2021-01-08 00:00:00+00:00,104.77827041613702,102.71881881604972,95.47526888701957,104.19635105675401
2021-01-09 00:00:00+00:00,105.1369431162747,103.05636678484797,95.76733358666064,104.48417393827118
2021-01-10 00:00:00+00:00,105.3148482036222,103.34316260763173,96.14147541484489,104.56870747950909
2021-01-11 00:00:00+00:00,105.50955229191996,103.11904738488988,95.92649599183304,104.86305184451224
2021-01-12 00:00:00+00:00,105.60013053257173,102.45366441377237,95.94378002248122,104.8304235126245
2021-01-13 00:00:00+00:00,105.5570205469019,102.13814242771113,96.0242537787988,105.10360240484485
2021-01-14 00:00:00+00:00,105.71933384322818,102.23111151525426,96.07509319377634,105.36578001149044
2021-01-15 00:00:00+00:00,105.16912370600244,102.28417461825255,96.13494824381,105.67219464103496
2021-01-16 00:00:00+00:00,105.19445887863888,102.17739803522409,96.69645898267028,105.88082805744368
2021-01-17 00:00:00+00:00,105.35390195948754,102.39145229095031,97.0318473620414,106.0325803363928
2021-01-18 00:00:00+00:00,105.12298795202786,102.23833041890416,97.19310910195651,105.74915866794689
2021-01-19 00:00:00+00:00,105.61768965985412,102.2914821984144,97.58892553522486,105.572837570196
2021-01-20 00:00:00+00:00,105.3992090478234,101.84076980931499,97.16640943507511,105.38329725069646
2021-01-21 00:00:00+00:00,105.61863555728615,101.92508257541509,97.39192287637383,105.1068176725994
2021-01-22 00:00:00+00:00,106.04315383038143,101.77006301869521,96.89771118913204,104.92067193870038
2021-01-23 00:00:00+00:00,106.23548793023605,101.85807670223397,97.30399492213145,104.68688603208355
2021-01-24 00:00:00+00:00,107.01465923273929,101.86768776375509,97.67196218673675,104.87967274334592
2021-01-25 00:00:00+00:00,107.1461654282597,101.9959098545702,97.73423662834206,104.89395489545889
2021-01-26 00:00:00+00:00,106.77755967989656,101.7228170784708,97.65580058184348,105.48904022489488
2021-01-27 00:00:00+00:00,106.14645855612756,101.6383667881579,97.54484574619754,105.23303796685543
2021-01-28 00:00:00+00:00,105.79630963953876,101.00723027602687,97.45970662165102,104.85535867145492
2021-01-29 00:00:00+00:00,105.70809537656773,100.69295911195672,96.94327236407173,104.30535406452529
2021-01-30 00:00:00+00:00,106.0197855520469,100.472697881552,96.8806060412984,104.31838418055008
2021-01-31 00:00:00+00:00,106.16579921063727,100.47333231180075,96.64602063733673,104.38634574967074
2021-02-01 00:00:00+00:00,106.04369351654086,100.505871496484,96.65039679683868,104.72008327125161
2021-02-02 00:00:00+00:00,105.6924826806347,100.42592587277242,96.36466095368696,104.64885466039465
2021-02-03 00:00:00+00:00,105.78268085223392,100.46933750256922,96.27511762633472,105.2759222740987
2021-02-04 00:00:00+00:00,105.20197473717484,100.38159712079967,96.33641548954792,105.697528771459
2021-02-05 00:00:00+00:00,104.90093244365828,100.3736161874576,96.47601575934888,106.07870436951312
2021-02-06 00:00:00+00:00,104.96409947437878,100.91808024570103,96.38596788603647,106.15149531340528
2021-02-07 00:00:00+00:00,105.08272740144616,100.88399239888311,95.97994463007433,106.33484422515407
2021-02-08 00:00:00+00:00,105.48326475651947,100.7266893194125,96.07136624565818,106.91531328788561
2021-02-09 00:00:00+00:00,105.5257360894476,100.590724076502,95.89939409665693,106.81281727379249
2021-02-10 00:00:00+00:00,105.44012416511228,100.66048756943832,95.89910741720163,106.94034709580549
2021-02-11 00:00:00+00:00,105.24042974811952,100.82192039187761,95.58525374706191,106.46147232824589
2021-02-12 00:00:00+00:00,105.32586120517814,100.79216423098711,95.39498919226943,106.05171820819359
2021-02-13 00:00:00+00:00,105.17071036751713,100.6974897585173,95.12051743735843,105.89053626288964
2021-02-14 00:00:00+00:00,105.3733012121727,100.6651338937155,95.19578132816034,106.15182875752447
2021-02-15 00:00:00+00:00,105.14690243837352,100.1723110728265,95.12314412836943,105.95149775386143
2021-02-16 00:00:00+00:00,105.63034804416637,100.31682383563135,94.9378897791271,106.1556883806269
2021-02-17 00:00:00+00:00,105.4431117810522,100.35551011086491,94.85845219775598,106.29638748093231
2021-02-18 00:00:00+00:00,105.32236027833032,100.45388222205939,94.9080446170222,106.04207304406378
2021-02-19 00:00:00+00:00,105.57333251856633,100.75818824251624,94.77664113073618,106.09648881455988
2021-02-20 00:00:00+00:00,105.78941238869513,100.97647245488001,94.44848283998806,106.48267738501474
2021-02-21 00:00:00+00:00,105.98141084002813,101.29896027839888,94.25761244851678,107.02468280423494
2021-02-22 00:00:00+00:00,105.78637361359478,101.27326119178383,94.21119675253995,107.14861774643207
2021-02-23 00:00:00+00:00,104.96817039890863,100.90427862214015,94.04342306144935,107.1335608114693
2021-02-24 00:00:00+00:00,104.85585077646253,100.99034327746854,94.31497483851362,106.54905203771335
2021-02-25 00:00:00+00:00,105.03673180441012,100.60164522423177,94.01265054935374,106.5372416644313
2021-02-26 00:00:00+00:00,105.05483954014868,100.81480979443728,93.73142401042092,106.28069201461246
2021-02-27 00:00:00+00:00,105.37687639051559,100.80244114401731,93.98185346860141,106.41893516798591
2021-02-28 00:00:00+00:00,105.18346366434923,100.81149314879639,93.69738952492551,106.55604609981349
2021-03-01 00:00:00+00:00,104.74078091982452,100.41798986895157,93.56145818441559,106.03053717391376
2021-03-02 00:00:00+00:00,104.51202566867445,100.50976085346942,93.79500856698506,106.36950842444207
2021-03-03 00:00:00+00:00,104.63737402289848,100.69454769205062,93.71981402209347,106.07610151564529
2021-03-04 00:00:00+00:00,104.6960185457166,100.44605104064449,93.86780790239791,105.5492762571591
2021-03-05 00:00:00+00:00,104.4944249857654,99.93691457790477,94.07912814776975,105.60343492351713
2021-03-06 00:00:00+00:00,104.4364463935326,99.8575790092306,94.20303626146688,105.98366399416845
2021-03-07 00:00:00+00:00,104.34673107782405,99.60011936423794,94.33622469852,106.32933277150478
2021-03-08 00:00:00+00:00,104.24722220246464,99.95831471184637,94.66042846752967,106.19260236489767
2021-03-09 00:00:00+00:00,104.5152189024938,99.98820928788062,95.04891576336684,106.42856312024554
2021-03-10 00:00:00+00:00,104.24509094033326,99.89768302212562,95.3479599044758,105.9873651816873
