ts,strategy,market,rf
2019-01-01 00:00:00+00:00,-0.02087544829890086,-0.007828369359828766,2e-05
2019-01-02 00:00:00+00:00,-0.029071630943880017,0.002628499070790021,2e-05
2019-01-03 00:00:00+00:00,-0.0237181020497618,-0.016363454270422333,2e-05
2019-01-04 00:00:00+00:00,0.0045151102021956935,0.00676104877556666,2e-05
2019-01-05 00:00:00+00:00,0.003849608784126983,0.011634530226920894,2e-05
2019-01-06 00:00:00+00:00,0.0035306332638699693,-0.00432611003007899,2e-05
2019-01-07 00:00:00+00:00,0.0038473970569865715,0.004504857455543091,2e-05
2019-01-08 00:00:00+00:00,0.0029079281214022187,0.0027093256908418207,2e-05
2019-01-09 00:00:00+00:00,-0.0117548470964392,-0.003743520554588936,2e-05
2019-01-10 00:00:00+00:00,-0.027511035824280522,-0.008424048655156082,2e-05
2019-01-11 00:00:00+00:00,-0.021556544744510422,-0.020125524274567253,2e-05
2019-01-12 00:00:00+00:00,0.025781457017268437,0.014304234840116704,2e-05
2019-01-13 00:00:00+00:00,0.014167408025660086,-0.0002763223719233393,2e-05
2019-01-14 00:00:00+00:00,0.029973802686515363,0.025423274107494346,2e-05
2019-01-15 00:00:00+00:00,-0.005945077961466559,0.008462182491746162,2e-05
2019-01-16 00:00:00+00:00,-0.0008682229094748965,0.002977805269753828,2e-05
2019-01-17 00:00:00+00:00,-0.00527732510745685,-0.006374310585061062,2e-05
2019-01-18 00:00:00+00:00,0.0021582645742798095,0.014124692044318113,2e-05
2019-01-19 00:00:00+00:00,-0.009979648458607375,-0.0048628911447878695,2e-05
2019-01-20 00:00:00+00:00,0.00960561162380624,0.01589949132247599,2e-05
2019-01-21 00:00:00+00:00,-0.014029483269507396,-0.0037836128088991196,2e-05
2019-01-22 00:00:00+00:00,-0.010192513335337786,0.0020595392958113845,2e-05
2019-01-23 00:00:00+00:00,-0.012919700163442613,-0.015026704029731743,2e-05
2019-01-24 00:00:00+00:00,0.032374586443260175,0.023632323817087242,2e-05
2019-01-25 00:00:00+00:00,0.013839749252014014,-0.0007402582933360399,2e-05
2019-01-26 00:00:00+00:00,-0.007315645503366967,-0.0036511358905876343,2e-05
2019-01-27 00:00:00+00:00,0.009788890595841938,0.008308476339474449,2e-05
2019-01-28 00:00:00+00:00,-0.030479676489523995,-0.008713718361585313,2e-05
2019-01-29 00:00:00+00:00,0.011941937038360766,0.00787607275753405,2e-05
2019-01-30 00:00:00+00:00,0.0036607829263940565,-0.011512404048300675,2e-05
2019-01-31 00:00:00+00:00,-0.003259381124669003,0.005652417714953117,2e-05
2019-02-01 00:00:00+00:00,-0.005403995285582323,-0.010241262392158024,2e-05
2019-02-02 00:00:00+00:00,-0.026365047115077533,-0.01817068108918472,2e-05
2019-02-03 00:00:00+00:00,-0.00016577826785054307,-0.005737675843336032,2e-05
2019-02-04 00:00:00+00:00,-0.007256059104745643,-0.014439144154991144,2e-05
2019-02-05 00:00:00+00:00,-0.011197735147210673,0.005732782302206338,2e-05
2019-02-06 00:00:00+00:00,-0.0104486143414233,0.00041671116999342586,2e-05
2019-02-07 00:00:00+00:00,-0.0032430159716109264,0.0052944649616895245,2e-05
2019-02-08 00:00:00+00:00,-0.0013335326436729328,0.0011130282542822574,2e-05
2019-02-09 00:00:00+00:00,0.011965488208125853,-0.003338590292305842,2e-05
2019-02-10 00:00:00+00:00,0.0009311469170742879,0.0004812933943312166,2e-05
2019-02-11 00:00:00+00:00,0.01331403800081043,0.010724890801934986,2e-05
2019-02-12 00:00:00+00:00,0.00040391560389273673,-0.0016313083760353248,2e-05
2019-02-13 00:00:00+00:00,-0.016077378344896556,-0.007420472060288779,2e-05
2019-02-14 00:00:00+00:00,0.002471423347878079,-0.00949901629041906,2e-05
2019-02-15 00:00:00+00:00,0.0038991322964267118,-0.0020172613995949155,2e-05
2019-02-16 00:00:00+00:00,0.0013339101225997782,-0.007297392959676223,2e-05
2019-02-17 00:00:00+00:00,0.023935330865852405,0.01900632275318168,2e-05
2019-02-18 00:00:00+00:00,-0.02930658698124551,-0.011585644277774603,2e-05
2019-02-19 00:00:00+00:00,-0.005300134486664846,-0.010615995834003748,2e-05
2019-02-20 00:00:00+00:00,-0.010786417183253651,-0.002858923124783998,2e-05
2019-02-21 00:00:00+00:00,-0.003653755997464009,0.006700137459470315,2e-05
2019-02-22 00:00:00+00:00,0.02957672572092565,-0.002480980643736536,2e-05
2019-02-23 00:00:00+00:00,0.0006949702258281683,-0.009379081249780631,2e-05
2019-02-24 00:00:00+00:00,-0.013698343868062055,-0.007869003879967472,2e-05
2019-02-25 00:00:00+00:00,0.006302052448339527,-0.0033079201292949547,2e-05
2019-02-26 00:00:00+00:00,0.024200772455024194,0.009933627211659003,2e-05
2019-02-27 00:00:00+00:00,-0.007838220631689805,-0.00957981958996378,2e-05
2019-02-28 00:00:00+00:00,-0.005607296953221727,-0.0007132773880749363,2e-05
2019-03-01 00:00:00+00:00,0.005300061096956739,-0.0059305394221560925,2e-05
2019-03-02 00:00:00+00:00,0.012920987168157615,0.003446200264182443,2e-05
2019-03-03 00:00:00+00:00,0.012860656249364086,0.004171357928478303,2e-05
2019-03-04 00:00:00+00:00,-0.036041189117844985,-0.014452455384645218,2e-05
2019-03-05 00:00:00+00:00,0.03175531255095034,0.024068623298226642,2e-05
2019-03-06 00:00:00+00:00,0.027105722497628052,0.002096033977841469,2e-05
2019-03-07 00:00:00+00:00,-0.018496133533280563,-0.004893321686193091,2e-05
2019-03-08 00:00:00+00:00,-0.01455173031670836,-0.008739904865744594,2e-05
2019-03-09 00:00:00+00:00,-0.012204747635529156,-0.002395102436024651,2e-05
2019-03-10 00:00:00+00:00,-0.005578497125389274,0.0005181672965835158,2e-05
2019-03-11 00:00:00+00:00,0.004898415616319752,0.006151583982516978,2e-05
2019-03-12 00:00:00+00:00,0.024625503916090998,0.00025621074697435335,2e-05
2019-03-13 00:00:00+00:00,0.001833057135780792,0.005039489148314273,2e-05
2019-03-14 00:00:00+00:00,0.0018240530687859483,-0.015899512053521088,2e-05
2019-03-15 00:00:00+00:00,-0.019567347701318724,-0.007323840832368006,2e-05
2019-03-16 00:00:00+00:00,-0.003231823474107171,-0.009865576342651762,2e-05
2019-03-17 00:00:00+00:00,0.0013737113093614665,0.0018458679785846824,2e-05
2019-03-18 00:00:00+00:00,0.00016148043185828555,0.004779990726939254,2e-05
2019-03-19 00:00:00+00:00,-0.012508616248942934,-0.014460862761191049,2e-05
2019-03-20 00:00:00+00:00,0.014583896329658395,-0.0014792866138854995,2e-05
2019-03-21 00:00:00+00:00,0.013019721168459073,0.007454607245113741,2e-05
2019-03-22 00:00:00+00:00,0.0183415640367702,0.009350779803120077,2e-05
2019-03-23 00:00:00+00:00,-0.010965472236455703,-0.01095391447491024,2e-05
2019-03-24 00:00:00+00:00,0.012367806482416354,0.005829229535889768,2e-05
2019-03-25 00:00:00+00:00,0.009023317309685606,0.003583792320053058,2e-05
2019-03-26 00:00:00+00:00,0.00556878195327983,-0.004159253392930107,2e-05
2019-03-27 00:00:00+00:00,0.02050884179003765,0.01983024014076993,2e-05
2019-03-28 00:00:00+00:00,-0.019063779986656856,-0.010987182621238956,2e-05
2019-03-29 00:00:00+00:00,-0.008262722867899079,-0.0025737370252459446,2e-05
2019-03-30 00:00:00+00:00,-0.0004398415943596707,0.004747973241781043,2e-05
2019-03-31 00:00:00+00:00,0.009679228301297717,0.002631153294994866,2e-05
2019-04-01 00:00:00+00:00,-0.011084876389307842,-0.0015124268605216883,2e-05
2019-04-02 00:00:00+00:00,0.024392108327315393,0.01396889302106941,2e-05
2019-04-03 00:00:00+00:00,0.019364588427276338,0.014653448988152021,2e-05
2019-04-04 00:00:00+00:00,0.025856023519523885,0.00932673100237736,2e-05
2019-04-05 00:00:00+00:00,0.014108086207433559,0.01021645536972178,2e-05
2019-04-06 00:00:00+00:00,0.012962126695944457,-0.00034931578149110024,2e-05
2019-04-07 00:00:00+00:00,-0.006976323791064383,-0.0114479555328594,2e-05
2019-04-08 00:00:00+00:00,0.026889963718127574,0.02207781155424403,2e-05
2019-04-09 00:00:00+00:00,-0.013603722404925548,-0.00937521909941191,2e-05
2019-04-10 00:00:00+00:00,0.03080029820498216,0.022492740081982272,2e-05
2019-04-11 00:00:00+00:00,0.0002971406487767608,-0.0010710595585174127,2e-05
2019-04-12 00:00:00+00:00,-0.00444320464483966,0.002518123187703718,2e-05
2019-04-13 00:00:00+00:00,-0.007261079638621287,-0.0014915318911631382,2e-05
2019-04-14 00:00:00+00:00,-0.01233235278391597,0.009781159435845288,2e-05
2019-04-15 00:00:00+00:00,0.008985974412783565,-0.004880782036163538,2e-05
2019-04-16 00:00:00+00:00,0.03460306113356784,0.01863203594709363,2e-05
2019-04-17 00:00:00+00:00,0.0006522671906566196,0.005550283961941873,2e-05
2019-04-18 00:00:00+00:00,-0.012893917719740194,0.001946258357147698,2e-05
2019-04-19 00:00:00+00:00,0.002371975240750118,-0.005500719050800717,2e-05
2019-04-20 00:00:00+00:00,0.017040047476678324,0.0030055356797413606,2e-05
2019-04-21 00:00:00+00:00,9.095352048006056e-05,0.0001675312694010692,2e-05
2019-04-22 00:00:00+00:00,0.013349242172300988,0.019199822624680857,2e-05
2019-04-23 00:00:00+00:00,0.026107781382712338,0.009561154996779252,2e-05
2019-04-24 00:00:00+00:00,-0.005988021145879515,-0.015399845803817152,2e-05
2019-04-25 00:00:00+00:00,0.029691415864648393,0.015490973556337976,2e-05
2019-04-26 00:00:00+00:00,-0.0027856477839919708,-0.023531783600285384,2e-05
2019-04-27 00:00:00+00:00,0.01699589277504451,0.015608357265625277,2e-05
2019-04-28 00:00:00+00:00,-0.01827419736835662,-0.018659753765607294,2e-05
2019-04-29 00:00:00+00:00,0.0247932918153093,0.000207678135218649,2e-05
2019-04-30 00:00:00+00:00,0.01959677054092525,0.008323531299994908,2e-05
2019-05-01 00:00:00+00:00,0.030269186914205777,0.0001227037239201037,2e-05
2019-05-02 00:00:00+00:00,-0.04305956660153181,-0.01078066311805126,2e-05
2019-05-03 00:00:00+00:00,-0.004526040409444727,0.012532699247780013,2e-05
2019-05-04 00:00:00+00:00,-0.01218604297365498,-0.017595739785347467,2e-05
2019-05-05 00:00:00+00:00,-0.010174814497408018,-0.014401913218378271,2e-05
2019-05-06 00:00:00+00:00,0.0016036094810803654,0.01403903545040946,2e-05
2019-05-07 00:00:00+00:00,-0.02070270230267829,-0.00844945911384356,2e-05
2019-05-08 00:00:00+00:00,-0.007860206335830608,0.0026665182069061898,2e-05
2019-05-09 00:00:00+00:00,0.016451792271774894,0.00829861699271776,2e-05
2019-05-10 00:00:00+00:00,-0.018542058491817795,-0.0008648254274565406,2e-05
2019-05-11 00:00:00+00:00,0.0009244378930542323,0.0029649819388096322,2e-05
2019-05-12 00:00:00+00:00,-0.008325539878334195,0.0014063686996586258,2e-05
2019-05-13 00:00:00+00:00,-0.03437757424753046,0.002341445924497771,2e-05
2019-05-14 00:00:00+00:00,0.015863091950085267,0.012070499964458057,2e-05
2019-05-15 00:00:00+00:00,0.03200530504339659,0.009542181593294485,2e-05
2019-05-16 00:00:00+00:00,0.0005145088226865412,0.0034348028132255314,2e-05
2019-05-17 00:00:00+00:00,0.01863642230677778,0.009374686933384516,2e-05
2019-05-18 00:00:00+00:00,-0.006042929782481273,-0.005217641978720886,2e-05
2019-05-19 00:00:00+00:00,-0.011398988677723355,-0.007443272067923574,2e-05
2019-05-20 00:00:00+00:00,-0.03178754998929191,-0.009816990801649453,2e-05
2019-05-21 00:00:00+00:00,0.005752748974498923,0.008041339882319695,2e-05
2019-05-22 00:00:00+00:00,-0.007219753977619578,0.016447329817287443,2e-05
2019-05-23 00:00:00+00:00,-0.007361578628865234,0.0010500028173843188,2e-05
2019-05-24 00:00:00+00:00,-0.020902034568372085,-0.019586115673026788,2e-05
2019-05-25 00:00:00+00:00,-0.004363857647350444,-0.004887017478935025,2e-05
2019-05-26 00:00:00+00:00,-0.005427751599793622,0.004879994756870012,2e-05
2019-05-27 00:00:00+00:00,0.000536953485362081,0.003170210082591924,2e-05
2019-05-28 00:00:00+00:00,-0.012317739293180871,0.001137145436296095,2e-05
2019-05-29 00:00:00+00:00,0.019311892591694732,0.010088128786180286,2e-05
2019-05-30 00:00:00+00:00,-0.004411537908140603,0.00946630599465365,2e-05
2019-05-31 00:00:00+00:00,0.017878879482256763,-0.013207756717432448,2e-05
2019-06-01 00:00:00+00:00,0.014381920393214218,0.004546939318308495,2e-05
2019-06-02 00:00:00+00:00,-0.009397374550564773,-0.007196350451691873,2e-05
2019-06-03 00:00:00+00:00,0.024020279152939465,0.0025283177634757206,2e-05
2019-06-04 00:00:00+00:00,0.0024272769262673344,0.012639197985402537,2e-05
2019-06-05 00:00:00+00:00,0.0350129686862818,0.018513748397293795,2e-05
2019-06-06 00:00:00+00:00,2.793484270740068e-05,0.007199977390477736,2e-05
2019-06-07 00:00:00+00:00,-0.004945325500570149,-0.004856196893521503,2e-05
2019-06-08 00:00:00+00:00,-0.01047726401933285,-0.003312590748204204,2e-05
2019-06-09 00:00:00+00:00,-0.0033514981709749352,0.0055307246714745625,2e-05
2019-06-10 00:00:00+00:00,-0.017868590538381916,-0.009679424246522413,2e-05
2019-06-11 00:00:00+00:00,0.0015267333015416872,-0.00047659799156516596,2e-05
2019-06-12 00:00:00+00:00,0.0029756479467424202,0.006249325084238579,2e-05
2019-06-13 00:00:00+00:00,0.03230903405446712,0.009384990500985842,2e-05
2019-06-14 00:00:00+00:00,-0.002272250475010705,-0.0027706303103579052,2e-05
2019-06-15 00:00:00+00:00,-0.0282192977270094,0.003897918864458667,2e-05
2019-06-16 00:00:00+00:00,0.005793308546423645,0.013825232720870993,2e-05
2019-06-17 00:00:00+00:00,-0.000417493502269866,0.0032525155036217546,2e-05
2019-06-18 00:00:00+00:00,-0.01563377331287337,-0.01696374494600871,2e-05
2019-06-19 00:00:00+00:00,0.009077330716252023,0.0023432526815359866,2e-05
2019-06-20 00:00:00+00:00,-0.013580641277493465,0.0027142912826539165,2e-05
2019-06-21 00:00:00+00:00,-0.002923368328490961,-0.004014281935982545,2e-05
2019-06-22 00:00:00+00:00,-0.010648711056044601,0.0006298171342001504,2e-05
2019-06-23 00:00:00+00:00,-0.016122266116664334,-0.014563042775571992,2e-05
2019-06-24 00:00:00+00:00,0.009343874028957918,0.01266093759416926,2e-05
2019-06-25 00:00:00+00:00,0.018671243945049303,0.004415588718546627,2e-05
2019-06-26 00:00:00+00:00,0.005212958581364717,-0.005235248539025035,2e-05
2019-06-27 00:00:00+00:00,0.020046843940833607,0.0025561299687908564,2e-05
2019-06-28 00:00:00+00:00,-0.008990958212149772,0.0015247059832107584,2e-05
2019-06-29 00:00:00+00:00,-0.01680828261468343,-0.008437087093247064,2e-05
2019-06-30 00:00:00+00:00,-0.029999973019651554,-0.02647183188729227,2e-05
2019-07-01 00:00:00+00:00,-0.039257200076551646,-0.028274421099799097,2e-05
2019-07-02 00:00:00+00:00,0.013452076894196318,0.020418119153538614,2e-05
2019-07-03 00:00:00+00:00,-0.007344879416138698,-0.010992131215999658,2e-05
2019-07-04 00:00:00+00:00,0.0221184142902172,-0.002744139864607945,2e-05
2019-07-05 00:00:00+00:00,0.009080894619682017,0.005915357640164999,2e-05
2019-07-06 00:00:00+00:00,0.013757334975974096,-0.0034177466176388343,2e-05
2019-07-07 00:00:00+00:00,-0.0052244628580861464,0.01211696808380937,2e-05
2019-07-08 00:00:00+00:00,0.012686419266386069,-0.009286696274443795,2e-05
2019-07-09 00:00:00+00:00,0.03154563146967061,0.005828847575188318,2e-05
2019-07-10 00:00:00+00:00,-0.021885251234766,-0.020670962514632005,2e-05
2019-07-11 00:00:00+00:00,0.0007440239407212907,0.007347896267695844,2e-05
2019-07-12 00:00:00+00:00,0.013923045478442402,0.00707704943888176,2e-05
2019-07-13 00:00:00+00:00,-0.01707513680217384,0.003869608407135977,2e-05
2019-07-14 00:00:00+00:00,0.005864587380259431,0.0032117951537480997,2e-05
2019-07-15 00:00:00+00:00,-0.019243078726194223,0.0028829105340157945,2e-05
2019-07-16 00:00:00+00:00,0.027599982046465545,0.008841086441641345,2e-05
2019-07-17 00:00:00+00:00,0.009100606415742188,0.009824526561536696,2e-05
2019-07-18 00:00:00+00:00,-0.020409390529747464,-0.009243824678984259,2e-05
2019-07-19 00:00:00+00:00,-0.014659947726548442,0.010774979972538049,2e-05
2019-07-20 00:00:00+00:00,0.0060333547086472185,-0.009275681659999759,2e-05
2019-07-21 00:00:00+00:00,0.0021000161402218837,0.001846142031885735,2e-05
2019-07-22 00:00:00+00:00,-0.010166204548826524,-0.002327064370944595,2e-05
2019-07-23 00:00:00+00:00,0.018847562302440505,0.005005686703968164,2e-05
2019-07-24 00:00:00+00:00,-0.020592706182928827,-0.0031195117867926117,2e-05
2019-07-25 00:00:00+00:00,0.016887880932250146,0.004248779453948673,2e-05
2019-07-26 00:00:00+00:00,0.00995383358391891,-0.004588523544365652,2e-05
2019-07-27 00:00:00+00:00,-0.014247537634727471,-0.009387462391233791,2e-05
2019-07-28 00:00:00+00:00,0.025786404794964694,0.010877834720560852,2e-05
2019-07-29 00:00:00+00:00,0.026359185459748136,0.005925486507547354,2e-05
2019-07-30 00:00:00+00:00,-0.0034708497340016943,0.005339471730099849,2e-05
2019-07-31 00:00:00+00:00,0.0020068389907511985,0.009765126933585786,2e-05
2019-08-01 00:00:00+00:00,-0.001799310868037654,-0.010397341364836808,2e-05
2019-08-02 00:00:00+00:00,0.019220885364459706,0.009344276409316765,2e-05
2019-08-03 00:00:00+00:00,-0.020903363237040052,-0.010365734208057566,2e-05
2019-08-04 00:00:00+00:00,-0.03332771628836089,0.004007459282522716,2e-05
2019-08-05 00:00:00+00:00,-0.020457129183302003,-0.0015877780084795885,2e-05
2019-08-06 00:00:00+00:00,0.01786475084866757,0.0029182757752605044,2e-05
2019-08-07 00:00:00+00:00,0.0017755742186639136,0.007173768377452688,2e-05
2019-08-08 00:00:00+00:00,-0.010978948376638901,0.00041346934886843996,2e-05
2019-08-09 00:00:00+00:00,-0.005546832695422516,-0.009006240891092318,2e-05
2019-08-10 00:00:00+00:00,-0.010856252163687609,0.00949682661150551,2e-05
2019-08-11 00:00:00+00:00,0.039807294565597645,0.011971316761873891,2e-05
2019-08-12 00:00:00+00:00,-0.015689452098937247,0.007051729335966758,2e-05
2019-08-13 00:00:00+00:00,0.009123767072306997,0.010567225923764986,2e-05
2019-08-14 00:00:00+00:00,-0.014748304630285536,-0.017430917325078073,2e-05
2019-08-15 00:00:00+00:00,0.008274744919819554,0.0009211640408845868,2e-05
2019-08-16 00:00:00+00:00,-0.014537676766009753,-0.0009410406921649938,2e-05
2019-08-17 00:00:00+00:00,-0.025546199410022275,-0.019341959494999974,2e-05
2019-08-18 00:00:00+00:00,0.013702525361078459,0.0012872952467813763,2e-05
2019-08-19 00:00:00+00:00,0.0017094726884120848,0.00023308649372822903,2e-05
2019-08-20 00:00:00+00:00,-0.008309712776080289,-0.014863795907712586,2e-05
2019-08-21 00:00:00+00:00,-0.007252927380812222,-0.008199713283935345,2e-05
2019-08-22 00:00:00+00:00,0.003421589261894565,0.0010507776383779253,2e-05
2019-08-23 00:00:00+00:00,-0.003606186975663568,0.00621850685637864,2e-05
2019-08-24 00:00:00+00:00,-0.006299409361300724,0.007275663756441073,2e-05
2019-08-25 00:00:00+00:00,-0.015337598245018904,-0.010853776444122198,2e-05
2019-08-26 00:00:00+00:00,-0.02520214548270826,-0.010569432030919243,2e-05
2019-08-27 00:00:00+00:00,0.01176658158878505,-0.0048548529959317795,2e-05
2019-08-28 00:00:00+00:00,0.008222548295567185,-0.00029924960894031757,2e-05
2019-08-29 00:00:00+00:00,0.008668977103925151,-0.005550591188753134,2e-05
2019-08-30 00:00:00+00:00,-0.019899729791825093,-0.001719251904686792,2e-05
2019-08-31 00:00:00+00:00,-0.007762431593615822,0.007297309204077366,2e-05
2019-09-01 00:00:00+00:00,0.015485214254381242,0.007044590300444834,2e-05
2019-09-02 00:00:00+00:00,0.0035799168805283723,0.0015810993966126246,2e-05
2019-09-03 00:00:00+00:00,-0.00969712219726792,-0.01121263279109455,2e-05
2019-09-04 00:00:00+00:00,0.006363884239458349,-0.004710154405825875,2e-05
2019-09-05 00:00:00+00:00,-0.005809212048034612,0.0058378451281920025,2e-05
2019-09-06 00:00:00+00:00,-0.005605631762547983,0.008901985753168858,2e-05
2019-09-07 00:00:00+00:00,0.001456864749339471,0.010822658667199149,2e-05
2019-09-08 00:00:00+00:00,0.013461095723090007,-0.010411348167237577,2e-05
2019-09-09 00:00:00+00:00,-0.005757619036013354,-0.004442888675763031,2e-05
2019-09-10 00:00:00+00:00,-0.022746277590526998,-0.011900385410816039,2e-05
2019-09-11 00:00:00+00:00,-0.015025720680282292,-0.029214351800864416,2e-05
2019-09-12 00:00:00+00:00,-0.001358559491715922,-0.01071977587594102,2e-05
2019-09-13 00:00:00+00:00,-0.009086835049671673,-0.017509384700383244,2e-05
2019-09-14 00:00:00+00:00,0.022730292858732987,0.014137793004104143,2e-05
2019-09-15 00:00:00+00:00,0.0025342541649918276,0.0049417518921266255,2e-05
2019-09-16 00:00:00+00:00,0.014091045696835017,-0.006212957766932257,2e-05
2019-09-17 00:00:00+00:00,0.010699152877106663,0.0008752411394318731,2e-05
2019-09-18 00:00:00+00:00,-0.009766612541663085,0.004356725853668178,2e-05
2019-09-19 00:00:00+00:00,0.005598524619982248,0.017716674244169717,2e-05
2019-09-20 00:00:00+00:00,0.0007067761818540814,0.007984291324618229,2e-05
2019-09-21 00:00:00+00:00,0.027020019289491767,0.015480078704186606,2e-05
2019-09-22 00:00:00+00:00,-0.0020853190339737253,0.005086245801458391,2e-05
2019-09-23 00:00:00+00:00,0.01110612484591529,0.01326146991036996,2e-05
2019-09-24 00:00:00+00:00,0.010336636028664737,0.014677621593639218,2e-05
2019-09-25 00:00:00+00:00,0.01112374653876377,0.009562026806295473,2e-05
2019-09-26 00:00:00+00:00,0.015175228977304488,0.0005756910896025842,2e-05
2019-09-27 00:00:00+00:00,0.006895379552200013,0.011206114400533408,2e-05
2019-09-28 00:00:00+00:00,-0.004063246670872668,-0.00367427805501007,2e-05
2019-09-29 00:00:00+00:00,0.036421760570601924,0.01454463947862169,2e-05
2019-09-30 00:00:00+00:00,-0.02127829578418494,-0.0024745324317664175,2e-05
2019-10-01 00:00:00+00:00,-0.003448033500786128,-0.006538333796510155,2e-05
2019-10-02 00:00:00+00:00,0.023307628542180877,0.019114286396080732,2e-05
2019-10-03 00:00:00+00:00,-0.0051174032271052855,-0.003838802549802413,2e-05
2019-10-04 00:00:00+00:00,0.014250500924890625,0.001903534820075963,2e-05
2019-10-05 00:00:00+00:00,0.0148189367997754,-0.010364166122936667,2e-05
2019-10-06 00:00:00+00:00,-0.0072437378534209495,-0.006723839462251569,2e-05
2019-10-07 00:00:00+00:00,-0.0038842168815371825,-0.0031203419664275352,2e-05
2019-10-08 00:00:00+00:00,-0.0028110153967506844,-0.009615486549710627,2e-05
2019-10-09 00:00:00+00:00,-0.0002587542545966007,0.01248129177333423,2e-05
2019-10-10 00:00:00+00:00,-0.011830994736668677,-0.0069694532961141805,2e-05
2019-10-11 00:00:00+00:00,-0.009694475263884929,-0.012283580500399027,2e-05
2019-10-12 00:00:00+00:00,0.015287956293414244,0.011420859968199493,2e-05
2019-10-13 00:00:00+00:00,-0.0005985531484983785,0.007351260648250476,2e-05
2019-10-14 00:00:00+00:00,-0.012026704471465803,-0.022980751448532295,2e-05
2019-10-15 00:00:00+00:00,-0.019470187950744896,-0.005415534042452018,2e-05
2019-10-16 00:00:00+00:00,0.002996696823882525,0.01023047750662021,2e-05
2019-10-17 00:00:00+00:00,-0.02011247809065599,-0.007406695311037154,2e-05
2019-10-18 00:00:00+00:00,0.0019831478556079814,-0.0025023051393050066,2e-05
2019-10-19 00:00:00+00:00,0.007484156345091006,-0.0021171211765234257,2e-05
2019-10-20 00:00:00+00:00,-0.02564343856818292,-0.022294705765936066,2e-05
2019-10-21 00:00:00+00:00,0.004530342586997024,-0.008587699293044777,2e-05
2019-10-22 00:00:00+00:00,0.00397386237027237,0.007985646228446738,2e-05
2019-10-23 00:00:00+00:00,0.01753123508607942,0.014797833828636935,2e-05
2019-10-24 00:00:00+00:00,0.002273111576258146,-0.0004399138896164378,2e-05
2019-10-25 00:00:00+00:00,-0.0010645796243291378,-0.0007288893043551182,2e-05
2019-10-26 00:00:00+00:00,0.008758121895381419,0.005898698498029531,2e-05
2019-10-27 00:00:00+00:00,-0.009797446314792266,0.0020409064691429917,2e-05
2019-10-28 00:00:00+00:00,-0.018844707162918733,0.005473473432021543,2e-05
2019-10-29 00:00:00+00:00,-0.015609903389240846,-0.00835969205833175,2e-05
2019-10-30 00:00:00+00:00,-0.0037035968076197935,0.0006198794081193026,2e-05
2019-10-31 00:00:00+00:00,0.0032678127592082745,0.0054447022560395525,2e-05
2019-11-01 00:00:00+00:00,-0.005359372744269506,0.006362741283679766,2e-05
2019-11-02 00:00:00+00:00,-0.03155989370170876,-0.015174322757080402,2e-05
2019-11-03 00:00:00+00:00,0.03365507754204695,0.008613155529348052,2e-05
2019-11-04 00:00:00+00:00,0.010802113483645204,0.001558250644202533,2e-05
2019-11-05 00:00:00+00:00,0.0062773559540860585,0.0019607851865106503,2e-05
2019-11-06 00:00:00+00:00,-0.01691196102499046,-0.017295761318602037,2e-05
2019-11-07 00:00:00+00:00,-0.006617709497112975,0.0007958362088882985,2e-05
2019-11-08 00:00:00+00:00,-0.018472410799550823,-0.015402274322796759,2e-05
2019-11-09 00:00:00+00:00,-0.013540768473631577,-0.02483129549332318,2e-05
2019-11-10 00:00:00+00:00,0.01363488427040745,0.0013653886568569097,2e-05
2019-11-11 00:00:00+00:00,-0.00623515976397837,0.00038115562531204075,2e-05
2019-11-12 00:00:00+00:00,-0.004578633650844049,0.001010463240584225,2e-05
2019-11-13 00:00:00+00:00,-0.0037226575541766207,0.002207893460014583,2e-05
2019-11-14 00:00:00+00:00,-0.007806241416583696,0.0004594719635118978,2e-05
2019-11-15 00:00:00+00:00,0.023717463657880775,0.011476632956204085,2e-05
2019-11-16 00:00:00+00:00,0.017315945731896383,0.00859524232542561,2e-05
2019-11-17 00:00:00+00:00,0.022373569281449342,0.01677087064294083,2e-05
2019-11-18 00:00:00+00:00,0.021336669475264088,0.02580117448654614,2e-05
2019-11-19 00:00:00+00:00,0.024298667147513234,0.008293289155365449,2e-05
2019-11-20 00:00:00+00:00,0.009879339095638302,0.008588383907924515,2e-05
2019-11-21 00:00:00+00:00,-0.008269633585152997,0.019602904558171076,2e-05
2019-11-22 00:00:00+00:00,0.006368012262681369,-0.008104560090440601,2e-05
2019-11-23 00:00:00+00:00,-1.057418027544969e-05,-0.0026166784301471105,2e-05
2019-11-24 00:00:00+00:00,-0.003454399637109729,0.003201272716943662,2e-05
2019-11-25 00:00:00+00:00,-0.0006312397180520402,-0.014919768046804333,2e-05
2019-11-26 00:00:00+00:00,-0.016633484400827847,0.01031365638390016,2e-05
2019-11-27 00:00:00+00:00,0.010307105988492035,0.01644380080588256,2e-05
2019-11-28 00:00:00+00:00,-0.00490333335677382,-0.011943266695514028,2e-05
2019-11-29 00:00:00+00:00,-0.016774694761444456,-0.0075039111063660655,2e-05
2019-11-30 00:00:00+00:00,0.03505655007451365,0.0096355597675881,2e-05
2019-12-01 00:00:00+00:00,0.03935804814576028,0.01413035398215335,2e-05
2019-12-02 00:00:00+00:00,-0.014078859567656749,-0.015996757449733685,2e-05
2019-12-03 00:00:00+00:00,0.009374411868615484,0.005960116424895798,2e-05
2019-12-04 00:00:00+00:00,0.019079517477411136,-0.0015719662162656965,2e-05
2019-12-05 00:00:00+00:00,-0.012126627559054033,-0.01803288082024656,2e-05
2019-12-06 00:00:00+00:00,-0.01650453479501082,-0.003825717404432104,2e-05
2019-12-07 00:00:00+00:00,-0.008650837746711444,-0.005318920458822754,2e-05
2019-12-08 00:00:00+00:00,-0.008709409020843356,0.001400518900310629,2e-05
2019-12-09 00:00:00+00:00,0.008339431590091545,0.0006890806838315698,2e-05
2019-12-10 00:00:00+00:00,-0.0002968433134302815,-0.0024515580001444486,2e-05
2019-12-11 00:00:00+00:00,0.01596227084204809,-0.0010570359373081593,2e-05
2019-12-12 00:00:00+00:00,0.0020015886153150315,-0.001298136932548945,2e-05
2019-12-13 00:00:00+00:00,-0.00291766880192794,0.0053925313696660685,2e-05
2019-12-14 00:00:00+00:00,-0.0021677108467648264,0.009908514458483463,2e-05
2019-12-15 00:00:00+00:00,0.029274795942511513,0.009846415337246587,2e-05
2019-12-16 00:00:00+00:00,0.006086988489155671,-0.008684484423319653,2e-05
2019-12-17 00:00:00+00:00,-0.018170595793419446,-0.007705494171920425,2e-05
2019-12-18 00:00:00+00:00,-0.024525865292285915,-0.006498768871964148,2e-05
2019-12-19 00:00:00+00:00,-0.0026576017795883755,0.014428699516405035,2e-05
2019-12-20 00:00:00+00:00,0.017717899759899337,0.004984336192918624,2e-05
2019-12-21 00:00:00+00:00,-0.012353610396270816,-0.007469109224136812,2e-05
2019-12-22 00:00:00+00:00,0.009544987903676624,-0.011378937287243526,2e-05
2019-12-23 00:00:00+00:00,-0.015446572070584776,-0.009871009557304187,2e-05
2019-12-24 00:00:00+00:00,-0.0026120662841001142,0.00048402482904614445,2e-05
2019-12-25 00:00:00+00:00,-0.014515962854333177,-0.010842003675130978,2e-05
2019-12-26 00:00:00+00:00,0.007957410985398993,0.000120440218734259,2e-05
2019-12-27 00:00:00+00:00,0.036409987750790976,0.01367455511436503,2e-05
2019-12-28 00:00:00+00:00,-0.01344154300227013,-0.0023659226896355617,2e-05
2019-12-29 00:00:00+00:00,0.01958842690163294,0.008744099732302403,2e-05
2019-12-30 00:00:00+00:00,0.0008269514251699993,-0.01501802396360656,2e-05
2019-12-31 00:00:00+00:00,0.0028919660465508883,0.0037596455004647754,2e-05
2020-01-01 00:00:00+00:00,-0.0006261456303000494,0.0031101835774049575,2e-05
2020-01-02 00:00:00+00:00,0.003861416262058907,-0.009033955623403903,2e-05
2020-01-03 00:00:00+00:00,0.008820571157350094,0.013987229117668974,2e-05
2020-01-04 00:00:00+00:00,-0.0025135205138960125,0.00013061360506478573,2e-05
2020-01-05 00:00:00+00:00,-0.018014890761963553,-0.006691141475959887,2e-05
2020-01-06 00:00:00+00:00,-0.00850804234973591,-0.0027410958340035336,2e-05
2020-01-07 00:00:00+00:00,0.01469746595633097,0.009721757296397213,2e-05
2020-01-08 00:00:00+00:00,-0.009707777549934985,-0.013538375642901206,2e-05
2020-01-09 00:00:00+00:00,-7.404060194307095e-05,0.0016860824696975035,2e-05
2020-01-10 00:00:00+00:00,-0.008567586502502306,-0.009419067886704541,2e-05
2020-01-11 00:00:00+00:00,-0.012224487128087337,0.0024649574598889458,2e-05
2020-01-12 00:00:00+00:00,0.01995406845892833,-0.005092108720617213,2e-05
2020-01-13 00:00:00+00:00,-0.012970852476864353,-0.0005397444139462425,2e-05
2020-01-14 00:00:00+00:00,0.015347653899871482,0.007802097556639486,2e-05
2020-01-15 00:00:00+00:00,-0.008314323637888303,0.0006205633874767435,2e-05
2020-01-16 00:00:00+00:00,0.006764051561872348,0.0057154387874521,2e-05
2020-01-17 00:00:00+00:00,-0.015986532484835007,0.007186844319582158,2e-05
2020-01-18 00:00:00+00:00,-0.0032863475866898246,0.004268702614925442,2e-05
2020-01-19 00:00:00+00:00,-0.011817636317036962,0.0024604302480804403,2e-05
2020-01-20 00:00:00+00:00,0.004823916364720156,0.0006246741117876861,2e-05
2020-01-21 00:00:00+00:00,0.008603181715478575,0.006574485841277806,2e-05
2020-01-22 00:00:00+00:00,0.0025472910819737075,0.01224442582421889,2e-05
2020-01-23 00:00:00+00:00,0.008774063709745764,0.018616844949820504,2e-05
2020-01-24 00:00:00+00:00,0.02461269580382285,0.01780227071484212,2e-05
2020-01-25 00:00:00+00:00,-0.01654409098567934,-0.009730463417202729,2e-05
2020-01-26 00:00:00+00:00,0.010532548148697779,0.0031375859344195734,2e-05
2020-01-27 00:00:00+00:00,0.009069450383805721,0.005091796713323375,2e-05
2020-01-28 00:00:00+00:00,0.007974922371067728,0.01235716106100025,2e-05
2020-01-29 00:00:00+00:00,0.008620257848182265,0.01083623041548168,2e-05
2020-01-30 00:00:00+00:00,-0.03776641949123023,-0.014118521860486854,2e-05
2020-01-31 00:00:00+00:00,0.0029868496152963622,0.002956026290992082,2e-05
2020-02-01 00:00:00+00:00,-0.02141432329569825,-0.01690655044997245,2e-05
2020-02-02 00:00:00+00:00,-0.005313002402909387,-0.004546627655706361,2e-05
2020-02-03 00:00:00+00:00,0.007581704677059736,-0.009070393117071366,2e-05
2020-02-04 00:00:00+00:00,-0.004830614499454124,-0.005923706253844239,2e-05
2020-02-05 00:00:00+00:00,0.01782091865208774,0.01601533850223074,2e-05
2020-02-06 00:00:00+00:00,-0.005784783594853961,-0.005231515447074261,2e-05
2020-02-07 00:00:00+00:00,-0.01035079041494083,-0.004805610051070395,2e-05
2020-02-08 00:00:00+00:00,0.01862725712757522,0.0014262228278822647,2e-05
2020-02-09 00:00:00+00:00,0.011661429191967476,0.010907047012880058,2e-05
2020-02-10 00:00:00+00:00,-0.003208350046614076,-0.016827355865445374,2e-05
2020-02-11 00:00:00+00:00,0.02666977942177344,0.016449056131880278,2e-05
2020-02-12 00:00:00+00:00,-0.016938507286989313,-0.007451277846302532,2e-05
2020-02-13 00:00:00+00:00,-0.007995189851581142,-0.00975461210452093,2e-05
2020-02-14 00:00:00+00:00,0.015151108874943886,0.0014628773509807191,2e-05
2020-02-15 00:00:00+00:00,0.0034284600668984463,0.0069129698907080634,2e-05
2020-02-16 00:00:00+00:00,0.031178496033383556,0.027253189884749233,2e-05
2020-02-17 00:00:00+00:00,0.007634793021695887,0.009147399314574036,2e-05
2020-02-18 00:00:00+00:00,-0.00848591527822335,-0.005764705635185394,2e-05
2020-02-19 00:00:00+00:00,0.007456230083634797,-0.0018989851720283071,2e-05
2020-02-20 00:00:00+00:00,-0.01991935221475659,-0.009420535511310718,2e-05
2020-02-21 00:00:00+00:00,0.0037364444355977044,0.006706275580760366,2e-05
2020-02-22 00:00:00+00:00,0.011400950868405452,0.00842476750673023,2e-05
2020-02-23 00:00:00+00:00,-0.034738094581755474,-0.0032015874885018745,2e-05
2020-02-24 00:00:00+00:00,0.009009199328711944,0.011460021648917611,2e-05
2020-02-25 00:00:00+00:00,-0.0171278703487368,-0.016764392455054736,2e-05
2020-02-26 00:00:00+00:00,-0.00037474570661722145,-0.004669969098261485,2e-05
2020-02-27 00:00:00+00:00,-0.017700551181711363,-0.009135783226800656,2e-05
2020-02-28 00:00:00+00:00,-0.017588132852290914,-0.005795886565197913,2e-05
2020-02-29 00:00:00+00:00,-0.007380250868607188,-0.016266565757931357,2e-05
2020-03-01 00:00:00+00:00,0.002432389003782698,0.009647460750281186,2e-05
2020-03-02 00:00:00+00:00,-0.00503598742674018,-0.009447141271194451,2e-05
2020-03-03 00:00:00+00:00,-0.00033057499102673977,-0.0012433198499473895,2e-05
2020-03-04 00:00:00+00:00,0.004199365354572045,0.01191954969702038,2e-05
2020-03-05 00:00:00+00:00,0.012158197596460203,0.016174644091816504,2e-05
2020-03-06 00:00:00+00:00,0.003709301588849769,0.011903947713773958,2e-05
2020-03-07 00:00:00+00:00,-0.012586063536816943,-0.022257260892010727,2e-05
2020-03-08 00:00:00+00:00,-0.0009438198604811835,-0.0029641561030265538,2e-05
2020-03-09 00:00:00+00:00,-0.02433702641036857,-0.0034418406936700652,2e-05
2020-03-10 00:00:00+00:00,0.014770731078499473,-0.006777353101751619,2e-05
2020-03-11 00:00:00+00:00,0.008205629375885396,-0.007786389129632531,2e-05
2020-03-12 00:00:00+00:00,0.009301299559553094,-0.005468169433244013,2e-05
2020-03-13 00:00:00+00:00,-0.004263609667887113,0.005950296109609638,2e-05
2020-03-14 00:00:00+00:00,-0.01087298070258063,-0.004559398045086831,2e-05
2020-03-15 00:00:00+00:00,-0.021610409223731208,-0.013410429841149938,2e-05
2020-03-16 00:00:00+00:00,0.0003521364558589299,-0.01574166264248245,2e-05
2020-03-17 00:00:00+00:00,0.0028480991523599907,0.0015101492426199624,2e-05
2020-03-18 00:00:00+00:00,-0.015258976283994486,-0.017181041588301943,2e-05
2020-03-19 00:00:00+00:00,0.005160912731735463,0.0070997583939559844,2e-05
2020-03-20 00:00:00+00:00,-0.021760684987402426,-0.004886551086446399,2e-05
2020-03-21 00:00:00+00:00,0.005429536108979821,-0.0049747486006580435,2e-05
2020-03-22 00:00:00+00:00,0.02967840590129165,0.002389444204581622,2e-05
2020-03-23 00:00:00+00:00,-0.00687425351728112,-0.003507374844137465,2e-05
2020-03-24 00:00:00+00:00,-0.0024974992618215282,0.00721656889606069,2e-05
2020-03-25 00:00:00+00:00,-0.02180799860590967,-0.012762683519054874,2e-05
2020-03-26 00:00:00+00:00,-0.02719132316293664,-0.018072501117176985,2e-05
2020-03-27 00:00:00+00:00,0.004412280036274599,0.019810791731465258,2e-05
2020-03-28 00:00:00+00:00,-0.003933203421345094,0.0018400033559304735,2e-05
2020-03-29 00:00:00+00:00,-0.032100868129570435,-0.025727286537984527,2e-05
2020-03-30 00:00:00+00:00,0.001055426754706209,0.017177588126071258,2e-05
2020-03-31 00:00:00+00:00,-0.010138399047770627,-0.014036178930130358,2e-05
2020-04-01 00:00:00+00:00,0.017690952282990426,0.02076305229466703,2e-05
2020-04-02 00:00:00+00:00,0.006621055136834662,0.018383089803236496,2e-05
2020-04-03 00:00:00+00:00,0.010544773219954824,0.009008844516250582,2e-05
2020-04-04 00:00:00+00:00,0.019551991582898682,0.00021676450659440544,2e-05
2020-04-05 00:00:00+00:00,0.007575010026387429,-0.008562076280972088,2e-05
2020-04-06 00:00:00+00:00,0.02459709861782248,0.009773694738544987,2e-05
2020-04-07 00:00:00+00:00,0.009632293540414352,-0.003810853095469051,2e-05
2020-04-08 00:00:00+00:00,0.024343026265231257,0.011111059879868906,2e-05
2020-04-09 00:00:00+00:00,0.006354838469735167,-0.0025987237879149146,2e-05
2020-04-10 00:00:00+00:00,-0.0061835997812011954,-0.015616919148581513,2e-05
2020-04-11 00:00:00+00:00,0.017221535787663812,-0.006832800721627192,2e-05
2020-04-12 00:00:00+00:00,-0.0031180228695758426,0.0008331808488130263,2e-05
2020-04-13 00:00:00+00:00,0.005261861667681182,-0.004717717556142807,2e-05
2020-04-14 00:00:00+00:00,-0.013948937573924918,0.0016326120562352674,2e-05
2020-04-15 00:00:00+00:00,-0.0013997079276604138,-0.009047721160110132,2e-05
2020-04-16 00:00:00+00:00,0.03543342758668383,0.01646042253535913,2e-05
2020-04-17 00:00:00+00:00,-0.008960884519804585,-0.0050196602181086444,2e-05
2020-04-18 00:00:00+00:00,0.027265374214918925,0.0054884715557324566,2e-05
2020-04-19 00:00:00+00:00,-0.028828644241490425,-0.016549220169602773,2e-05
2020-04-20 00:00:00+00:00,0.028774347636763675,0.008601053255035608,2e-05
2020-04-21 00:00:00+00:00,0.015152567031508002,0.015825837003789853,2e-05
2020-04-22 00:00:00+00:00,0.012230910833866604,0.006352042865650357,2e-05
2020-04-23 00:00:00+00:00,-0.00620232414048698,-0.00214304335802013,2e-05
2020-04-24 00:00:00+00:00,-0.001588741655481847,-0.00900814542272918,2e-05
2020-04-25 00:00:00+00:00,0.005824145552535333,0.006418771722539134,2e-05
2020-04-26 00:00:00+00:00,0.020945752468470316,0.006160783143566116,2e-05
2020-04-27 00:00:00+00:00,-0.013078367434192892,-0.012751485702173248,2e-05
2020-04-28 00:00:00+00:00,0.004322908725497974,0.0005102161965661663,2e-05
2020-04-29 00:00:00+00:00,0.004067548643883376,0.005798819235708609,2e-05
2020-04-30 00:00:00+00:00,-0.002405846210422719,-0.007479938579045518,2e-05
2020-05-01 00:00:00+00:00,0.002211134426015944,0.006457435597439313,2e-05
2020-05-02 00:00:00+00:00,-0.004761921975599503,-0.002355050535846464,2e-05
2020-05-03 00:00:00+00:00,0.0005884117298514298,0.014952311146933498,2e-05
2020-05-04 00:00:00+00:00,-0.018562834498908214,-0.012404214698616819,2e-05
2020-05-05 00:00:00+00:00,0.002092762410369072,0.005620315757906927,2e-05
2020-05-06 00:00:00+00:00,0.0005597271951401223,0.0015560663173779512,2e-05
2020-05-07 00:00:00+00:00,-0.019116953745211995,-0.018483048881362013,2e-05
2020-05-08 00:00:00+00:00,-0.027759519323444316,-0.008987412445240418,2e-05
2020-05-09 00:00:00+00:00,0.0010889893998584973,-0.008243098851723371,2e-05
2020-05-10 00:00:00+00:00,0.03801606176925975,0.009704375806636885,2e-05
2020-05-11 00:00:00+00:00,-0.002581253290138346,-0.0032522426949823393,2e-05
2020-05-12 00:00:00+00:00,-0.02252639791604704,0.00026345851324163403,2e-05
2020-05-13 00:00:00+00:00,0.012115366623390543,0.0018385117049000102,2e-05
2020-05-14 00:00:00+00:00,0.029566146036698694,0.0262600777017339,2e-05
2020-05-15 00:00:00+00:00,-0.0041071967683679045,-0.002060796531928976,2e-05
2020-05-16 00:00:00+00:00,0.024255234413221367,0.019764477830813625,2e-05
2020-05-17 00:00:00+00:00,-0.0008480214871095693,-0.0015472910895462158,2e-05
2020-05-18 00:00:00+00:00,-0.01890806019214091,-0.015519379704214768,2e-05
2020-05-19 00:00:00+00:00,-0.0012498262218364432,-0.007879910584096829,2e-05
2020-05-20 00:00:00+00:00,-0.009566741645407531,-0.012177270693003056,2e-05
2020-05-21 00:00:00+00:00,-0.006760246778738554,-0.0034195919683880516,2e-05
2020-05-22 00:00:00+00:00,-0.00656815380829932,-0.014389885378657334,2e-05
2020-05-23 00:00:00+00:00,0.006175567916050199,-0.008887120148644751,2e-05
2020-05-24 00:00:00+00:00,0.0377595801921118,0.019481417115988234,2e-05
2020-05-25 00:00:00+00:00,-0.007946030484039959,0.002694106505869693,2e-05
2020-05-26 00:00:00+00:00,0.005709530350062455,0.003646004407375229,2e-05
2020-05-27 00:00:00+00:00,0.028822199779045946,0.018536727613254256,2e-05
2020-05-28 00:00:00+00:00,-0.014934775488075425,-0.0162897067448248,2e-05
2020-05-29 00:00:00+00:00,0.006187364355208678,0.005963784860820896,2e-05
2020-05-30 00:00:00+00:00,0.010060861753858927,-0.004450243418076829,2e-05
2020-05-31 00:00:00+00:00,0.00517238725029874,-4.311161368382606e-05,2e-05
2020-06-01 00:00:00+00:00,-0.0005294773168710038,-0.006572479701462783,2e-05
2020-06-02 00:00:00+00:00,-0.015201094340597339,0.0014698632606163417,2e-05
2020-06-03 00:00:00+00:00,-0.001961103741309851,0.01266790868417385,2e-05
2020-06-04 00:00:00+00:00,0.008764075436399454,0.012358632340882695,2e-05
2020-06-05 00:00:00+00:00,0.006344595762104585,0.002765847605283155,2e-05
2020-06-06 00:00:00+00:00,0.021561064337032407,0.008526020485877386,2e-05
2020-06-07 00:00:00+00:00,-0.021050611137755505,-0.01168940762909362,2e-05
2020-06-08 00:00:00+00:00,-0.011861494349462133,-0.029054881549871844,2e-05
2020-06-09 00:00:00+00:00,0.015124908153862422,0.010731834305209947,2e-05
2020-06-10 00:00:00+00:00,0.018289647741999003,0.020669638643031223,2e-05
2020-06-11 00:00:00+00:00,0.01619831861084798,0.004970431558941254,2e-05
2020-06-12 00:00:00+00:00,0.01186694896066955,-0.0058987684588071064,2e-05
2020-06-13 00:00:00+00:00,0.0028760543713369385,0.0007644595735770848,2e-05
2020-06-14 00:00:00+00:00,0.015539396047156312,0.01252905488160691,2e-05
2020-06-15 00:00:00+00:00,-0.008027405659713757,-0.011434656323372478,2e-05
2020-06-16 00:00:00+00:00,0.011598374036746673,0.0010104034397928601,2e-05
2020-06-17 00:00:00+00:00,0.00561209324447468,0.006431879532188664,2e-05
2020-06-18 00:00:00+00:00,-0.010284948907631342,-0.010030811764493634,2e-05
2020-06-19 00:00:00+00:00,0.02654664432843519,0.021255434430865378,2e-05
2020-06-20 00:00:00+00:00,0.008703744973611895,0.008441830842962914,2e-05
2020-06-21 00:00:00+00:00,0.024049710773104773,0.01693702899364781,2e-05
2020-06-22 00:00:00+00:00,-0.018876997221300273,-0.010542991233518328,2e-05
2020-06-23 00:00:00+00:00,-0.01967116451216295,0.0024475755149043505,2e-05
2020-06-24 00:00:00+00:00,0.011919840073011365,0.01563564221541894,2e-05
2020-06-25 00:00:00+00:00,0.0016970336794776123,0.004784520520953272,2e-05
2020-06-26 00:00:00+00:00,0.03759694973092825,0.012919201585298495,2e-05
2020-06-27 00:00:00+00:00,-0.006617203061272716,-0.01828826603648264,2e-05
2020-06-28 00:00:00+00:00,0.004755501382154767,-0.0006204273814430593,2e-05
2020-06-29 00:00:00+00:00,-0.026802870314279734,-0.019756005886916648,2e-05
2020-06-30 00:00:00+00:00,-0.01855339286059601,-0.004764538824875045,2e-05
2020-07-01 00:00:00+00:00,-0.003766106436015797,0.003158749730636183,2e-05
2020-07-02 00:00:00+00:00,0.005547405438942303,-0.0008804976438794556,2e-05
2020-07-03 00:00:00+00:00,-0.01475150545300616,-0.012385101705861172,2e-05
2020-07-04 00:00:00+00:00,-0.008300853329294599,0.003225129342659467,2e-05
2020-07-05 00:00:00+00:00,0.010194195662997492,0.006795372958336557,2e-05
2020-07-06 00:00:00+00:00,-0.008439073672372522,-0.0007363078476054675,2e-05
2020-07-07 00:00:00+00:00,0.014907012115323063,0.008371466508461661,2e-05
2020-07-08 00:00:00+00:00,0.0358512985532466,0.01167877251961715,2e-05
2020-07-09 00:00:00+00:00,0.024782550840404635,0.012671914805100673,2e-05
2020-07-10 00:00:00+00:00,-0.03274534473767934,-0.003157411890320549,2e-05
2020-07-11 00:00:00+00:00,0.01967391780743151,0.005395563246272559,2e-05
2020-07-12 00:00:00+00:00,-0.012723997679675048,-0.0061582007009050805,2e-05
2020-07-13 00:00:00+00:00,0.0029309571819312406,-0.0006456266764386527,2e-05
2020-07-14 00:00:00+00:00,0.016450955335755135,0.010958547071586782,2e-05
2020-07-15 00:00:00+00:00,0.002283404966541697,-0.0008516432505813117,2e-05
2020-07-16 00:00:00+00:00,-0.025667175782946382,-0.00432037978040608,2e-05
2020-07-17 00:00:00+00:00,0.009107445687179867,-0.005743347427092994,2e-05
2020-07-18 00:00:00+00:00,-0.005079431036647678,0.005390010153354955,2e-05
2020-07-19 00:00:00+00:00,0.007549573859889478,0.016364349254293413,2e-05
2020-07-20 00:00:00+00:00,0.013638009911480186,0.009471188975500842,2e-05
2020-07-21 00:00:00+00:00,0.006605881964093406,-0.002036197950482707,2e-05
2020-07-22 00:00:00+00:00,0.0026122133654891385,0.008228463008438193,2e-05
2020-07-23 00:00:00+00:00,-0.007894039716459805,0.009722951323303553,2e-05
2020-07-24 00:00:00+00:00,0.02182197863987415,0.014874831643446731,2e-05
2020-07-25 00:00:00+00:00,-0.010262293870268911,-0.006552679528216366,2e-05
2020-07-26 00:00:00+00:00,0.017819123792129236,0.0065794277331622545,2e-05
2020-07-27 00:00:00+00:00,0.010975784165323832,-0.003802984929228362,2e-05
2020-07-28 00:00:00+00:00,-0.02012160752119565,-0.005229656317817027,2e-05
2020-07-29 00:00:00+00:00,-0.0007048966360691349,0.01276424146752044,2e-05
2020-07-30 00:00:00+00:00,0.004703030030756266,0.005675694636073556,2e-05
2020-07-31 00:00:00+00:00,-0.008815390367890835,0.000968439289953662,2e-05
2020-08-01 00:00:00+00:00,0.035871741388076236,0.013813597049036149,2e-05
2020-08-02 00:00:00+00:00,0.003910492812772787,0.0018776459156804267,2e-05
2020-08-03 00:00:00+00:00,-0.007491012130920436,-0.008631370519193222,2e-05
2020-08-04 00:00:00+00:00,0.013776917583484894,0.009301909800621757,2e-05
2020-08-05 00:00:00+00:00,0.008478787372587945,-0.009055862118585839,2e-05
2020-08-06 00:00:00+00:00,-0.003504038943661961,-0.008484140996903266,2e-05
2020-08-07 00:00:00+00:00,0.006254847604779957,-0.003959950274244594,2e-05
2020-08-08 00:00:00+00:00,-0.008917752693369996,-0.0013656245830501786,2e-05
2020-08-09 00:00:00+00:00,0.019925092880044324,0.009195461847829402,2e-05
2020-08-10 00:00:00+00:00,-0.007468987640076983,-0.0033420365864912168,2e-05
2020-08-11 00:00:00+00:00,-0.025576692999101338,-0.017982783295417287,2e-05
2020-08-12 00:00:00+00:00,-0.012110772578431381,-0.005471862827665498,2e-05
2020-08-13 00:00:00+00:00,0.01869575370964814,0.0033428834638288764,2e-05
2020-08-14 00:00:00+00:00,-0.004277274227697773,-0.001003025518382918,2e-05
2020-08-15 00:00:00+00:00,0.00439203606858205,-0.0010083255736775278,2e-05
2020-08-16 00:00:00+00:00,-0.011284122464261671,-0.011986985983037171,2e-05
2020-08-17 00:00:00+00:00,0.0027278348143820385,-0.0036887400630825047,2e-05
2020-08-18 00:00:00+00:00,0.0002459814084305959,0.00599219446735168,2e-05
2020-08-19 00:00:00+00:00,-0.008523859533802667,0.006165623537730594,2e-05
2020-08-20 00:00:00+00:00,-0.01227535889508625,-0.008131545489807658,2e-05
2020-08-21 00:00:00+00:00,-0.005993430918978316,-0.007045643261728646,2e-05
2020-08-22 00:00:00+00:00,-0.020155525447614224,-0.009492384372256467,2e-05
2020-08-23 00:00:00+00:00,0.010588526458566944,0.00954443124750926,2e-05
2020-08-24 00:00:00+00:00,0.00045120566517925856,-0.007283100372091145,2e-05
2020-08-25 00:00:00+00:00,-0.026369941665199733,-0.002519105659195925,2e-05
2020-08-26 00:00:00+00:00,0.009518909199490652,-0.00802952946098943,2e-05
2020-08-27 00:00:00+00:00,0.0026531935019750014,-0.008893654528246338,2e-05
2020-08-28 00:00:00+00:00,0.002964340819907498,-0.001098552876710382,2e-05
2020-08-29 00:00:00+00:00,0.024787555936302233,0.009177575037642568,2e-05
2020-08-30 00:00:00+00:00,-0.029609525452100532,-0.005543482454086651,2e-05
2020-08-31 00:00:00+00:00,0.01580484917420584,0.011910881912939928,2e-05
2020-09-01 00:00:00+00:00,0.004973362141477307,-0.00035347505174324,2e-05
2020-09-02 00:00:00+00:00,0.01477048147500739,0.007430915815299998,2e-05
2020-09-03 00:00:00+00:00,0.033598459623756446,0.024990245534548636,2e-05
2020-09-04 00:00:00+00:00,0.04786904463006225,0.022888241875194865,2e-05
2020-09-05 00:00:00+00:00,0.01252597336720548,0.0030952326198291497,2e-05
2020-09-06 00:00:00+00:00,-0.005494641573255494,0.00100058782678641,2e-05
2020-09-07 00:00:00+00:00,-0.018051656844369525,-0.0012931124181852307,2e-05
2020-09-08 00:00:00+00:00,-0.0027801997620720605,0.007326003014004778,2e-05
2020-09-09 00:00:00+00:00,-0.02414986617790225,-0.018491948476182206,2e-05
2020-09-10 00:00:00+00:00,-0.004256142538994505,-0.006825639004720993,2e-05
2020-09-11 00:00:00+00:00,-0.0007508858297049083,-0.0011477673695788088,2e-05
2020-09-12 00:00:00+00:00,-0.0045131080663430145,-0.007427127556192531,2e-05
2020-09-13 00:00:00+00:00,-0.01696405278974881,-0.009730362204961549,2e-05
2020-09-14 00:00:00+00:00,0.010287060437966098,0.013174989965582085,2e-05
2020-09-15 00:00:00+00:00,-0.010582800526907663,-0.01438380810655224,2e-05
2020-09-16 00:00:00+00:00,-0.006811001658416653,-0.004104348308652643,2e-05
2020-09-17 00:00:00+00:00,-0.013705182120829414,-0.0055995848590350535,2e-05
2020-09-18 00:00:00+00:00,-0.010009207341224652,-0.004480040564456732,2e-05
2020-09-19 00:00:00+00:00,-0.005310711872426574,-0.01026233698173149,2e-05
2020-09-20 00:00:00+00:00,0.002667310281419401,0.007824919676477554,2e-05
2020-09-21 00:00:00+00:00,-0.004463604615636073,-0.0009543940180898976,2e-05
2020-09-22 00:00:00+00:00,0.041498495206585016,0.017620685751613123,2e-05
2020-09-23 00:00:00+00:00,-0.0159723831941512,-0.013445380144740702,2e-05
2020-09-24 00:00:00+00:00,0.0042209808331709845,0.0014254028023587635,2e-05
2020-09-25 00:00:00+00:00,-0.00024376801592857975,-0.012602357075436004,2e-05
2020-09-26 00:00:00+00:00,0.023796723601192026,0.0024971619699182277,2e-05
2020-09-27 00:00:00+00:00,0.021582791232301318,0.011868825057868494,2e-05
2020-09-28 00:00:00+00:00,-0.027546791803220866,-0.011216625212183544,2e-05
2020-09-29 00:00:00+00:00,0.04004496317309422,0.010096701330973354,2e-05
2020-09-30 00:00:00+00:00,-0.01940704251949294,-0.007958996091041037,2e-05
2020-10-01 00:00:00+00:00,-0.026157731374053236,-0.01125427238708631,2e-05
2020-10-02 00:00:00+00:00,-0.005799534097198647,0.003463800093155019,2e-05
2020-10-03 00:00:00+00:00,0.026091378766404286,0.007661964784423153,2e-05
2020-10-04 00:00:00+00:00,0.0012699229944907993,0.0015308163920839505,2e-05
2020-10-05 00:00:00+00:00,-0.019088835472956586,0.003316677903186918,2e-05
2020-10-06 00:00:00+00:00,0.022497601109774487,-0.0001348969512902343,2e-05
2020-10-07 00:00:00+00:00,-0.02405346415688101,-0.004884555176297241,2e-05
2020-10-08 00:00:00+00:00,-0.0008204529562968327,-0.021301652126084966,2e-05
2020-10-09 00:00:00+00:00,-0.03421755000686901,-0.003486851421223432,2e-05
2020-10-10 00:00:00+00:00,-0.008985742852335048,-0.006837585939931257,2e-05
2020-10-11 00:00:00+00:00,0.00668215434853731,0.0057040381524732725,2e-05
2020-10-12 00:00:00+00:00,-0.01595596045722982,-0.00807680955509503,2e-05
2020-10-13 00:00:00+00:00,0.021579061496644836,0.020338125111006623,2e-05
2020-10-14 00:00:00+00:00,0.020016001415040122,0.006400114022924768,2e-05
2020-10-15 00:00:00+00:00,-0.001947713407533076,-0.004014875454646906,2e-05
2020-10-16 00:00:00+00:00,0.016206855225097575,0.006770021328816252,2e-05
2020-10-17 00:00:00+00:00,-0.0009193190193210736,-0.002272641380948826,2e-05
2020-10-18 00:00:00+00:00,0.016845170623396324,0.013089105506296574,2e-05
2020-10-19 00:00:00+00:00,-0.011214784244315075,-0.00400995583429599,2e-05
2020-10-20 00:00:00+00:00,0.015458037105658844,0.014590174371066252,2e-05
2020-10-21 00:00:00+00:00,-0.0004719736723288511,-0.010437652995993975,2e-05
2020-10-22 00:00:00+00:00,0.014897685337586066,0.00130095027063858,2e-05
2020-10-23 00:00:00+00:00,-0.014265915346532123,-0.00041086381795196075,2e-05
2020-10-24 00:00:00+00:00,-0.01694612059168256,-0.008738930005679758,2e-05
2020-10-25 00:00:00+00:00,-0.0010089961483693301,-0.0029771631689528007,2e-05
2020-10-26 00:00:00+00:00,-0.0009766753842937014,0.00037005710265442464,2e-05
2020-10-27 00:00:00+00:00,-0.022395422365268695,-0.011643456781806928,2e-05
2020-10-28 00:00:00+00:00,-0.033654928086973325,-0.008279329358850515,2e-05
2020-10-29 00:00:00+00:00,0.00917251015203759,0.005135990753775902,2e-05
2020-10-30 00:00:00+00:00,-0.01640543372210898,-0.007424221602857731,2e-05
2020-10-31 00:00:00+00:00,0.04257201899915852,0.016099172944016787,2e-05
2020-11-01 00:00:00+00:00,0.031994063230055214,0.016074778956334284,2e-05
2020-11-02 00:00:00+00:00,0.0004892852300848382,-0.004451578145099341,2e-05
2020-11-03 00:00:00+00:00,-0.01133651192874462,0.0038233399513747696,2e-05
2020-11-04 00:00:00+00:00,-0.002391994269149925,0.005582215700951929,2e-05
2020-11-05 00:00:00+00:00,0.02183463366607594,0.007458595723957119,2e-05
2020-11-06 00:00:00+00:00,-0.014834249572552544,-0.0050940130825795245,2e-05
2020-11-07 00:00:00+00:00,0.005717631930376763,0.007695595782897265,2e-05
2020-11-08 00:00:00+00:00,-9.644064083565423e-05,-0.005069335655376836,2e-05
2020-11-09 00:00:00+00:00,0.006764921902561362,-0.0007319836213485888,2e-05
2020-11-10 00:00:00+00:00,0.009935087836183711,0.012708383012116646,2e-05
2020-11-11 00:00:00+00:00,0.005739027622597093,-0.0005858221942185603,2e-05
2020-11-12 00:00:00+00:00,-0.030193112710370076,-0.009399139760210083,2e-05
2020-11-13 00:00:00+00:00,-0.005877420999062225,-0.005494005549600205,2e-05
2020-11-14 00:00:00+00:00,0.002544847282902313,0.0034495126505019774,2e-05
2020-11-15 00:00:00+00:00,0.012304352736158838,-0.007388571704694315,2e-05
2020-11-16 00:00:00+00:00,-0.005128601358785473,-0.009491290154947618,2e-05
2020-11-17 00:00:00+00:00,-0.02483748448201847,0.0017333619992251814,2e-05
2020-11-18 00:00:00+00:00,0.008633888834011852,-0.009218132785072405,2e-05
2020-11-19 00:00:00+00:00,0.05630881667868971,0.021232532351365446,2e-05
2020-11-20 00:00:00+00:00,-5.94840284217045e-05,-0.006467052205603604,2e-05
2020-11-21 00:00:00+00:00,0.016489026290972635,0.0071279923982254375,2e-05
2020-11-22 00:00:00+00:00,0.0036298554962478045,-0.014406104837093852,2e-05
2020-11-23 00:00:00+00:00,-0.0032985177580677504,-0.0031220076864224506,2e-05
2020-11-24 00:00:00+00:00,0.00896377486470227,0.008441258286655417,2e-05
2020-11-25 00:00:00+00:00,0.009377928406942928,0.0055973941506210914,2e-05
2020-11-26 00:00:00+00:00,-0.032441050408956194,0.006653823849620712,2e-05
2020-11-27 00:00:00+00:00,-0.012692384377589561,-0.005522120101409616,2e-05
2020-11-28 00:00:00+00:00,0.010622052896808435,0.0021543340127024445,2e-05
2020-11-29 00:00:00+00:00,0.005486902834450082,-0.0017653108396457379,2e-05
2020-11-30 00:00:00+00:00,-0.03360679101729099,-0.01387934516608627,2e-05
2020-12-01 00:00:00+00:00,0.00991718635768897,0.011654810240978135,2e-05
2020-12-02 00:00:00+00:00,-0.013931610469946329,-0.006569694024376744,2e-05
2020-12-03 00:00:00+00:00,-0.01102823632861299,-0.0021171208041825124,2e-05
2020-12-04 00:00:00+00:00,0.020972047487317944,0.008804336933182293,2e-05
2020-12-05 00:00:00+00:00,-0.003215944394781179,0.006808865904780873,2e-05
2020-12-06 00:00:00+00:00,0.026071830597559107,0.026192168771801895,2e-05
2020-12-07 00:00:00+00:00,0.007127359950709216,-0.0004948919836260647,2e-05
2020-12-08 00:00:00+00:00,0.004835939441745374,0.014656959707544673,2e-05
2020-12-09 00:00:00+00:00,-0.0013775351991574853,-0.0008224869269474387,2e-05
2020-12-10 00:00:00+00:00,-0.011632335194243592,0.0005620641180322648,2e-05
2020-12-11 00:00:00+00:00,0.011524476217679817,0.01104982420537432,2e-05
2020-12-12 00:00:00+00:00,0.0058599382165794335,0.006921605832729456,2e-05
2020-12-13 00:00:00+00:00,0.002006354759970413,-0.0047443838723044696,2e-05
2020-12-14 00:00:00+00:00,-0.006630955887651177,-0.0005648693855423723,2e-05
2020-12-15 00:00:00+00:00,-0.0016537675648465328,0.002089805783275284,2e-05
2020-12-16 00:00:00+00:00,-0.0010144582601314851,0.017188801186930936,2e-05
2020-12-17 00:00:00+00:00,-0.016315767611339887,-0.007331780336334088,2e-05
2020-12-18 00:00:00+00:00,-0.01029456123966266,0.0025787002830513633,2e-05
2020-12-19 00:00:00+00:00,-0.009298944439427154,0.006383371469177559,2e-05
2020-12-20 00:00:00+00:00,-0.0031776685777045273,0.0016888593458291741,2e-05
2020-12-21 00:00:00+00:00,-0.005990142611943814,-0.004763538407305171,2e-05
2020-12-22 00:00:00+00:00,0.008079859630944718,0.008658345118652041,2e-05
2020-12-23 00:00:00+00:00,0.002864501030659798,-0.008976186558209035,2e-05
2020-12-24 00:00:00+00:00,0.014430904507093724,0.01970139329273863,2e-05
2020-12-25 00:00:00+00:00,-0.03804381799416576,-0.025945432399821524,2e-05
2020-12-26 00:00:00+00:00,-0.047550067289984,-0.019145846601474947,2e-05
2020-12-27 00:00:00+00:00,0.015199556378691418,0.0019267756671261587,2e-05
2020-12-28 00:00:00+00:00,0.015438229501237917,0.00673870311764467,2e-05
2020-12-29 00:00:00+00:00,0.012730209189062713,0.004951123763629377,2e-05
2020-12-30 00:00:00+00:00,-0.015799681929500674,-0.005568242057572898,2e-05
2020-12-31 00:00:00+00:00,-0.009032125669698972,-0.0011560036009935033,2e-05
2021-01-01 00:00:00+00:00,-0.006684576698927059,0.0005492016617444567,2e-05
2021-01-02 00:00:00+00:00,-0.025503872924487133,-0.008514583296439488,2e-05
2021-01-03 00:00:00+00:00,0.0003286131985179154,-0.003446587666812304,2e-05
2021-01-04 00:00:00+00:00,-0.011681517921679837,-0.009162207580789021,2e-05
2021-01-05 00:00:00+00:00,0.027537204769280635,0.01195724469953888,2e-05
2021-01-06 00:00:00+00:00,0.00687027839896231,0.004526274301598241,2e-05
2021-01-07 00:00:00+00:00,-0.00723429024575214,-0.0039965054374728045,2e-05
2021-01-08 00:00:00+00:00,0.003921673749907283,-0.0034046300896889573,2e-05
2021-01-09 00:00:00+00:00,0.003655131777850932,-0.004213576776724718,2e-05
2021-01-10 00:00:00+00:00,-0.016522523734535374,-0.002807529418088009,2e-05
2021-01-11 00:00:00+00:00,-0.016472878253176844,0.003048074733213567,2e-05
2021-01-12 00:00:00+00:00,-0.018000581331166284,-0.0032266551113922467,2e-05
2021-01-13 00:00:00+00:00,0.005609976336374427,-0.0047429216837787825,2e-05
2021-01-14 00:00:00+00:00,0.011963408449757417,0.004167203841967721,2e-05
2021-01-15 00:00:00+00:00,0.014544035133747933,-0.0013035522824226026,2e-05
2021-01-16 00:00:00+00:00,0.000986291863068055,0.0003537130476494128,2e-05
2021-01-17 00:00:00+00:00,0.005619819652373244,0.0011048477838030537,2e-05
2021-01-18 00:00:00+00:00,-0.0065855365104208665,-0.0014947785922693108,2e-05
2021-01-19 00:00:00+00:00,0.011610368203763785,-0.0108624377339836,2e-05
2021-01-20 00:00:00+00:00,0.0058692065799344885,-0.0021166487818558457,2e-05
2021-01-21 00:00:00+00:00,0.03221004603453175,0.012378184719681676,2e-05
2021-01-22 00:00:00+00:00,-0.0032144426564827515,-0.008196146674951433,2e-05
2021-01-23 00:00:00+00:00,-0.017957050314414497,-0.007887781879246523,2e-05
2021-01-24 00:00:00+00:00,0.007663191046926863,-0.003878919946533319,2e-05
2021-01-25 00:00:00+00:00,-0.02227069770690925,-0.0035038713862815016,2e-05
2021-01-26 00:00:00+00:00,0.025252527649711004,0.014183943815601653,2e-05
2021-01-27 00:00:00+00:00,-0.004485911276696959,-0.0026875530753038813,2e-05
2021-01-28 00:00:00+00:00,0.01785017533537127,0.011905320473510216,2e-05
2021-01-29 00:00:00+00:00,-0.005400156827929107,0.008295863402774691,2e-05
2021-01-30 00:00:00+00:00,0.009171051087545873,0.0075911238543150275,2e-05
2021-01-31 00:00:00+00:00,-0.00033849320116005176,0.006690401762824773,2e-05
2021-02-01 00:00:00+00:00,-0.006094424921461268,0.003875841833881455,2e-05
2021-02-02 00:00:00+00:00,0.022981151019563432,0.005589132507244249,2e-05
2021-02-03 00:00:00+00:00,0.019904285909301794,0.012505697113278492,2e-05
2021-02-04 00:00:00+00:00,-0.026624990055285715,-0.02004255825637957,2e-05
2021-02-05 00:00:00+00:00,-0.00372052573120532,0.003933399951152041,2e-05
2021-02-06 00:00:00+00:00,0.008554659612856216,0.012003079214545279,2e-05
2021-02-07 00:00:00+00:00,-0.004943749799477629,-0.006218778541635002,2e-05
2021-02-08 00:00:00+00:00,0.003699726529959,-0.00012671217626192128,2e-05
2021-02-09 00:00:00+00:00,0.010785079268431919,0.008899656701088773,2e-05
2021-02-10 00:00:00+00:00,-0.039835371381368535,-0.017278740467673873,2e-05
2021-02-11 00:00:00+00:00,0.003667401855871616,0.0032465288600651335,2e-05
2021-02-12 00:00:00+00:00,-0.008967401056028158,-0.010668090558479806,2e-05
2021-02-13 00:00:00+00:00,0.011669066796674567,0.002581352757273479,2e-05
2021-02-14 00:00:00+00:00,0.003901808223453041,0.003987956062106408,2e-05
2021-02-15 00:00:00+00:00,0.0009187140250025479,0.0026831188832824055,2e-05
2021-02-16 00:00:00+00:00,-0.010198510686571939,-0.009890396722835332,2e-05
2021-02-17 00:00:00+00:00,-0.0062379799181467,0.00030958105842323057,2e-05
2021-02-18 00:00:00+00:00,0.01805572466955446,-0.0061046129838131045,2e-05
2021-02-19 00:00:00+00:00,-0.005660638030596575,0.003291539830583211,2e-05
2021-02-20 00:00:00+00:00,-0.01567182509726694,-0.003522355945111404,2e-05
2021-02-21 00:00:00+00:00,-0.005883227045535305,-0.008207726148267777,2e-05
2021-02-22 00:00:00+00:00,0.013541744686527102,0.009618416412655198,2e-05
2021-02-23 00:00:00+00:00,-0.00564864420830809,-0.011972429344221085,2e-05
2021-02-24 00:00:00+00:00,-0.007631344583589728,-0.004840625856187874,2e-05
2021-02-25 00:00:00+00:00,0.005240124576673435,0.011094241646082468,2e-05
2021-02-26 00:00:00+00:00,-0.0064863347704773,0.0038586771315190275,2e-05
2021-02-27 00:00:00+00:00,0.009674067938971694,0.008938739181115214,2e-05
2021-02-28 00:00:00+00:00,-0.007740148249310965,-0.009760689627689154,2e-05
2021-03-01 00:00:00+00:00,0.0013649839001517502,0.0019471478456420958,2e-05
2021-03-02 00:00:00+00:00,-0.024368472204062422,-0.00860193251707746,2e-05
2021-03-03 00:00:00+00:00,-0.03517162098294374,-0.017508425385203728,2e-05
2021-03-04 00:00:00+00:00,0.01963423817485785,0.006035204515044836,2e-05
2021-03-05 00:00:00+00:00,-0.011029453067828234,-0.010118788703222303,2e-05
2021-03-06 00:00:00+00:00,-0.0009118321521747205,0.0013051499884570987,2e-05
2021-03-07 00:00:00+00:00,0.01097217499987436,-0.009351836957980936,2e-05
2021-03-08 00:00:00+00:00,0.017064089185544484,0.005689811612917149,2e-05
2021-03-09 00:00:00+00:00,-0.009609160514590265,0.005907036056050203,2e-05
2021-03-10 00:00:00+00:00,-0.01486698243997534,-0.010002991196029029,2e-05
